id,gender,yob,numberOfRides,duration,rideFrequency
000c6417-e1e4-497e-89e6-bb21e17ec355,M,1998,394,649,0.6070878274268104
0031326c-e796-4f35-8f25-d3937edca90f,M,2062,670,642,1.043613707165109
004d4e6e-2a19-4876-975e-9f23e9e907fc,M,2071,1265,1641,0.7708714198659354
009d7d63-35df-4924-8b40-4244832a50e1,M,1982,1483,2230,0.6650224215246637
01843f3a-8883-4a76-a60f-223c92ff7ef1,F,1982,167,329,0.5075987841945289
01bbafbf-ae5e-475b-bebb-0423d8f2f2a0,M,1963,194,320,0.60625
025bad5c-1cfc-4c22-a2e3-2be1ccb70008,M,1976,1083,1989,0.5444947209653092
025e1202-2bcd-4f0b-bd62-606b7a9fa882,M,1993,145,275,0.5272727272727272
0291283c-c8f2-4c81-b9b1-294bf19378db,M,2014,1143,1827,0.625615763546798
02cc8feb-3d51-458c-b7a4-c4290c2116ed,M,2068,277,454,0.6101321585903083
02dd2e4d-70dd-469c-b33f-58824fc1c754,M,2095,198,256,0.7734375
02de475c-f1fb-4210-afd7-5c616b6ace33,M,1973,396,567,0.6984126984126984
0304a571-5f2e-4563-b7bc-9c5525ced673,M,1988,445,517,0.8607350096711799
030ac0ae-b563-4f49-8813-defeef5e22bf,M,2095,853,1433,0.5952547103977669
0318cb82-9dde-4952-bfcc-32ad9e5b4ace,M,1987,504,753,0.6693227091633466
031c70de-6ccd-48f8-ac62-d50eb3d75387,M,1990,1936,3334,0.5806838632273545
038bec9a-1e67-428e-807d-cf1a1e0914fc,M,1991,235,453,0.5187637969094923
03a6bb49-6d13-4055-b462-9770cd76c80b,M,1996,305,420,0.7261904761904762
03d3bcef-59a3-4704-8c89-03c0ede4b424,M,1972,824,1520,0.5421052631578948
03e0128d-44b3-4a36-a0fe-da54c80c1ef9,M,1978,369,571,0.6462346760070052
03ef7e45-be79-4436-9d4e-8753e4aaab84,M,1982,820,1567,0.5232929164007658
0404d38a-812b-4599-a552-1ec637b96282,M,1985,414,550,0.7527272727272727
04095503-b841-40e0-a6e4-bd5e0a879788,M,1999,521,648,0.8040123456790124
0413085f-3615-4943-a414-0eaa723424c3,M,1985,336,480,0.7
041bc51a-ded5-4548-be69-73e36b0d299b,M,1971,147,239,0.6150627615062761
0477ed5c-9cd8-4610-9036-763ce8d6c19a,M,1986,447,816,0.5477941176470589
0495cd0e-508d-40a1-867a-a071538fa221,M,1993,1476,2658,0.5553047404063205
049f3e1d-963d-4cc8-ad2d-e0149b516a01,M,1993,221,404,0.5470297029702971
04a18a1d-0264-4fe5-a1c9-2c5c0853530a,M,1956,161,199,0.8090452261306532
04aba234-b8dd-4839-9d01-13b4fdca8d69,M,1982,1495,1746,0.8562428407789232
04d8cb71-c39f-4ccc-a2fe-01eb0850bfd7,M,1986,149,194,0.7680412371134021
05615b81-44a5-4252-9740-5b86419a0e29,M,1984,527,757,0.6961690885072656
060eb403-bcff-487b-843d-278cc43e635b,M,1972,761,1077,0.7065923862581244
0653c016-326b-495d-8658-80e27a4a6d9b,M,1974,570,1030,0.5533980582524272
06f81197-504a-478b-a347-052d4df03044,F,1971,2013,2639,0.7627889352027283
0740e35a-7cec-47ef-9fae-a74adc7c9d2c,M,1989,148,272,0.5441176470588235
07476629-ae8d-478f-967b-67bff9d8f4fe,M,2000,419,620,0.6758064516129032
074f8205-ba78-4202-9cf7-25ac3b5d28b7,M,1976,339,659,0.5144157814871017
07bed04a-2dc3-40ff-8ad5-ab8899941d49,M,1992,247,416,0.59375
07f9a831-c338-4a0a-ac2c-d4b02c86c587,M,1978,890,1654,0.5380894800483675
0845e82d-fa5f-487f-83f5-2fb00c6c0cc9,M,1980,338,559,0.6046511627906976
08706f69-50cd-4692-8417-07f550e3af5a,M,1966,243,386,0.6295336787564767
08c88043-66ca-4108-92d7-a66c0bea023a,M,1957,916,1362,0.6725403817914831
08e0df73-4bb4-41fa-a3b3-56374c9bc0ad,M,1974,228,335,0.6805970149253732
091e1868-d0e8-461b-b869-7ed8201a78e7,M,1953,566,978,0.5787321063394683
091ff782-d063-4411-9f40-9b679eaf44da,M,1988,132,246,0.5365853658536586
092a2a7c-bb77-48dc-a5f9-bd408e3f2b80,M,2002,742,840,0.8833333333333333
092dd530-b6c7-4f3c-885f-f6af1d331cfa,M,1985,627,1021,0.614103819784525
09407f03-8a99-499c-9830-5c657b2dd383,F,1995,121,240,0.5041666666666667
095b8287-9c56-49a2-96ee-275982048c65,M,2074,835,1399,0.5968548963545389
099c2300-5d3f-4841-b843-977c94ac91ab,M,1973,415,712,0.5828651685393258
09d9fc91-5a24-409d-ba41-5ecb809ad65f,M,1980,1440,2094,0.6876790830945558
09e174f5-f4a8-4694-b8f4-c2ccf5d47094,M,1998,160,196,0.8163265306122449
09e43621-f260-4f60-8662-d08ead7f225a,M,1978,229,286,0.8006993006993007
09e77b91-b1a4-43a3-b533-70bac6e42535,M,1983,596,731,0.8153214774281806
0a038767-1c42-40f3-808c-23f48ca293b2,M,1968,1305,2142,0.6092436974789915
0a1078fe-970a-4350-9b94-b3ce1f5a0a40,M,2000,559,668,0.8368263473053892
0a4fccb3-0f28-4788-975d-0ec88f25eabc,M,1989,2498,4765,0.5242392444910808
0a69bdba-cf10-4284-a273-5a3580efc001,M,1974,859,1582,0.5429835651074589
0aa1e908-524b-4504-841e-0289a11709d3,M,2085,548,859,0.6379511059371362
0bb2a751-f999-4d11-83c2-3b8c7120c545,M,1974,156,278,0.5611510791366906
0bbd1f9b-27c0-4c86-bf8c-67d11120d5e1,M,1971,1095,2137,0.5124005615348619
0c4a2d1c-a754-4c8d-bfdb-d80146ae98f8,M,1988,838,938,0.8933901918976546
0c8ebdd0-f4e9-450a-bb94-c9c9422f6749,M,1975,1116,2135,0.5227166276346604
0cb320ca-22bc-4ab6-92a6-91f07e9220cc,M,2000,347,503,0.6898608349900597
0ce2c553-986f-4928-8d8b-3b0b8019ec16,M,2000,342,438,0.7808219178082192
0d0a1ea0-9bad-434b-961d-957e7945a430,M,1991,584,638,0.915360501567398
0d14367d-b91a-4a37-9731-5e0cd6d268d0,M,1957,859,1235,0.6955465587044535
0d442498-92f4-426a-a7e6-f0ff86d4d5c2,M,2000,137,216,0.6342592592592593
0d4d6080-5083-49cf-a321-fc2b934b41f6,M,1969,617,622,0.9919614147909968
0db2c422-b2bb-4497-8023-f323a784a1db,M,1976,178,227,0.7841409691629956
0dba933f-31ce-493a-b0ed-4aa6768d0623,M,1967,191,290,0.6586206896551724
0e1f7fe9-b00d-4308-bf73-6ebb5ed81854,M,1989,193,277,0.6967509025270758
0e78d9ff-8ee1-4f88-91ea-f37a3d566501,M,1979,223,404,0.551980198019802
0ee70f9a-9c1c-4138-9bcb-c1c8f3b1da0e,M,1971,314,524,0.5992366412213741
0f1b246c-2781-40c3-9dd1-a14c687536f0,M,1983,202,277,0.7292418772563177
0f62470a-db76-416b-952f-9b9efd12a2d6,F,1993,296,407,0.7272727272727273
0f706bec-3656-4d47-a932-c125619c04e0,M,2000,275,470,0.5851063829787234
0fedefa4-a443-4dc8-9c74-63e6ddc44fc2,M,1978,298,540,0.5518518518518518
100c891e-31d9-412f-90c0-35dca43959ca,M,1991,200,377,0.5305039787798409
1030713a-29cd-4bc2-acbd-bf7c4855ffab,M,1995,1358,1425,0.9529824561403508
10a84105-6024-4016-8942-5c920e53e9ef,M,1991,425,840,0.5059523809523809
10f33d1c-d7a1-4428-a750-d867e9bd39ac,M,1963,678,918,0.738562091503268
1109b6f4-2348-4afa-b65b-75a677db7e7b,M,1979,1114,1326,0.8401206636500754
11265c66-5dd1-45d7-bf49-91c38be5c82d,M,1971,423,467,0.9057815845824412
1189f895-fe17-4d9a-b298-4dc2add78d3f,M,1974,1767,2089,0.84585926280517
119f9925-d1be-4f35-87f6-5b5ffcad027a,M,1959,356,425,0.8376470588235294
11a9a286-71ac-4e58-a3c6-34149313a99b,M,1979,258,396,0.6515151515151515
11b865c4-e63b-46b4-806b-ef0a61678be6,M,2005,369,711,0.5189873417721519
12142f2a-7970-4a96-8ab8-866977b60763,M,2003,123,194,0.634020618556701
1214b775-d2df-4365-818e-fd07c6c1605a,F,1996,304,522,0.5823754789272031
1283f2de-78ee-464e-8f18-4a60e2009c79,M,1990,1453,1668,0.8711031175059952
129d5aaa-d915-4909-bb11-028c3ab8b720,M,1980,125,248,0.5040322580645161
12a9a5f7-9f71-4ffd-ba92-c9455e8d0b42,M,2068,867,1184,0.7322635135135135
1308574d-87e6-4fa3-b1f6-f68808dff38a,M,1988,481,780,0.6166666666666667
132236f6-2b8b-40d5-87dc-d00e0054ef24,M,2064,198,343,0.577259475218659
137f4f91-25ef-4fcf-b78d-b0c43de96401,M,1968,639,782,0.8171355498721228
13b59cf1-9e6a-40d2-89fc-395dfd5fe6de,M,1989,2883,3401,0.8476918553366657
13f64d1c-6c50-46fb-995e-f13bfaacb9b6,M,1993,611,1205,0.5070539419087137
143ad786-a1c3-4a1d-986e-50986173df06,M,2073,1060,1086,0.9760589318600368
14af4992-a4f3-45f7-9e24-de753af98c72,M,1969,2287,3058,0.7478744277305428
14cba0c9-0c3b-4d20-8db8-5bb19c25011e,M,1975,138,253,0.5454545454545454
14f2e5c1-3db4-4393-baf5-72fbb5761df5,M,1985,158,250,0.632
15383ac7-1329-4f55-bd1a-939c95a22802,M,1990,217,417,0.5203836930455635
15399272-7553-4922-b8fa-f22218276b8f,M,2000,248,319,0.7774294670846394
157f37ba-a126-49e8-a98f-84d710bca98f,M,1979,212,276,0.7681159420289855
15e79d3f-6588-42d6-9f0a-6c413c09913d,M,1975,216,379,0.5699208443271768
1619cb9c-c199-45d6-88da-12332af8ef13,M,1978,438,542,0.8081180811808119
162de289-037a-41f9-9ad0-8554e32fc615,M,1984,427,590,0.7237288135593221
1746288d-df53-4c13-a06a-978c7ae69318,M,1974,1785,3071,0.5812438944969065
17905333-980d-491a-8605-165086df72eb,M,2000,1654,2463,0.6715387738530247
17b3e1e3-42c1-414b-83e2-9fd34fdfeee5,M,2085,1249,1624,0.7690886699507389
17c30fad-f9f1-452f-afea-16c8116f85e9,M,1997,342,539,0.634508348794063
17f5386b-e85e-4299-a3f2-a54558aa4665,M,2082,1174,1978,0.5935288169868554
17fcb21c-6913-426f-bc1b-ae546be74d5a,M,1977,828,1593,0.519774011299435
182c421c-b8b6-4d06-a2d4-b46befb140aa,M,2019,939,1007,0.9324726911618668
1859eedb-4618-4579-bfb1-826a278ed952,M,1977,155,231,0.670995670995671
18723549-4c97-4fee-8f56-a37a863b985c,M,1990,207,205,1.0097560975609756
18dbdca0-34f6-4ec8-bcf2-53eb081fee1a,M,1983,604,648,0.9320987654320988
1909f149-25ff-490d-a7cc-dc5a3b3f95ff,M,1993,327,635,0.5149606299212598
192068ee-8198-4d31-a66b-b0c402a30153,M,2062,1198,1357,0.8828297715549005
1985b805-5941-4f8d-9bc1-cafb4aa1ab44,M,1970,2088,3286,0.63542300669507
19f9764f-05f4-4d88-b06e-099760186184,M,2081,297,488,0.6086065573770492
19fb83b2-9ea3-4b34-a2be-dafa74a52af7,M,1972,92,184,0.5
1ac617bd-551b-43b5-abab-44ea0bd2cc86,M,1987,293,311,0.9421221864951768
1ac67ad3-d79c-4513-900f-bb2a6321551a,M,1973,2496,4477,0.5575161938798302
1aea3463-275a-405a-8032-f312b737fc24,M,1980,1533,2469,0.6208991494532199
1b05c7a7-807a-44f4-86f8-3cf87077adce,M,1956,391,594,0.6582491582491582
1b1c3250-2121-4e86-9a4a-33cd9231e3f6,M,1976,1262,2239,0.5636444841447075
1b6876ee-a364-4047-a573-46f980d84160,M,2000,302,407,0.742014742014742
1bb9a1bc-18e3-447b-886c-1972d50a037c,M,1988,520,857,0.6067677946324388
1bed46fe-6218-46c4-8482-1eb6fce8ff8f,M,1985,1622,1870,0.8673796791443851
1c11466e-fb84-4008-8c14-3b23ad95f5da,M,1991,273,422,0.6469194312796208
1c31010e-36ef-48da-854b-ff2e026c7e79,M,2000,228,370,0.6162162162162163
1c776fe1-d02e-4c49-bc2a-8ad856615852,M,1968,967,1302,0.7427035330261137
1d09861c-3c89-4fc8-9ea7-ff8c2596f6ba,M,1972,640,598,1.0702341137123743
1d3ed7ad-06d3-4c1f-b73f-2c62e51867eb,M,1986,624,1008,0.6190476190476191
1d809505-3a2d-4f43-9e19-e2d3e33cd2c0,M,1969,1095,1579,0.6934768841038632
1da45cc6-0cdc-4ead-93c3-2a242715451e,M,1997,232,342,0.6783625730994152
1dbba82e-8924-4b10-b1da-151e8062680a,M,2084,2268,3229,0.7023846392071849
1e0a8db8-ed03-4bef-acbc-2c68944a3671,M,1975,871,1291,0.6746707978311387
1e4ae51d-65de-4e20-9b96-9a3df181e3bf,M,1975,778,1054,0.7381404174573055
1eccbec2-6df6-4b19-9eea-2caaecdef433,M,1984,220,408,0.5392156862745098
1ecf3044-dab1-49a8-9157-7f86a1d9c498,M,1976,901,1265,0.7122529644268775
1effa9aa-10c3-4ecc-9ab7-55542cb3ee8c,M,1980,423,693,0.6103896103896104
1f158766-0dde-4dd2-8e03-f8bc2313106b,M,1969,169,206,0.8203883495145631
1f3b7c35-940c-403c-af03-7fae965ccaee,M,1970,1273,1872,0.6800213675213675
1f3f4f79-ca37-42a7-ba99-83dbb20fcb7a,F,1970,1059,1179,0.8982188295165394
1f9cdc9f-3060-4b4a-97a8-bd29cb231a28,M,1956,443,728,0.6085164835164835
200eed96-774c-4742-94aa-0b5bc9bab1e2,M,1974,180,302,0.5960264900662252
201f345f-ef78-40a0-a4cb-4852c12ceb3a,M,2000,156,288,0.5416666666666666
2035bf47-0ebd-4962-8b9b-f6ec976c8185,M,1969,178,353,0.5042492917847026
20543d1c-47fd-43e9-8bea-fdf25b46366a,M,1995,246,393,0.6259541984732825
20b431ec-c039-4416-baf4-b7ca7a0a4a6a,M,1971,629,1251,0.5027977617905676
2126f9b6-67ca-4e98-9cea-0c9bfc877a5c,M,1978,313,486,0.6440329218106996
213c7d18-8c37-4a2c-b07c-4d1369beca2b,M,2001,872,1541,0.5658663205710578
218a2df0-abe2-45f6-a8ce-04249ec0fc77,M,1988,2185,2450,0.8918367346938776
2194ce91-e56d-4ed8-aada-81265f553ccb,M,1981,178,308,0.577922077922078
21d98840-c4b1-41ec-afe4-c74c32e1be14,M,1980,674,1076,0.6263940520446096
2207e7bf-b505-47aa-8503-f23af5a2eba1,M,1978,394,499,0.7895791583166333
2215656b-79d8-4144-b70a-a27e056f0985,M,2000,191,283,0.6749116607773852
224a17d6-021d-495f-945b-6be7e4d44d7a,M,1988,228,303,0.7524752475247525
22ec4c44-bc9e-4b96-bb7a-830e024e36f2,M,1999,1052,1639,0.6418547895057962
23373458-ad1d-42d3-bbc3-ac15eddae462,M,1968,397,576,0.6892361111111112
233c7852-dd73-4d72-9d5c-324758654770,M,1987,333,317,1.0504731861198735
237a2549-915e-48ba-857c-ff943982004e,M,1979,331,411,0.805352798053528
238207f4-be5d-4dad-af9d-740cc76d1035,M,2000,757,869,0.8711162255466053
23ceab7c-ca08-4373-9e95-1445df5ee979,M,1974,1008,1140,0.8842105263157894
23e268da-f18e-4d3b-af1f-22c05be7e571,M,1976,194,298,0.6510067114093959
23f4e898-6b27-450d-ab01-8f61b72561f0,M,2083,1138,1954,0.5823950870010235
246a7126-b4de-466a-8a00-4072567bbc3d,M,1965,438,776,0.5644329896907216
2474b616-15ca-4325-9012-d068e11d8e31,M,1962,248,276,0.8985507246376812
24d265c2-e491-4412-9383-7058de4808a0,M,1992,158,220,0.7181818181818181
24d2885a-693f-43ac-ace1-3f3522156bf5,M,1980,318,365,0.8712328767123287
25156fbc-9b4f-4073-a87c-d651aa84f783,M,1976,194,329,0.5896656534954408
25294330-a5dc-4729-87f5-9c6f5666557a,M,1998,547,1059,0.5165250236071766
25b84440-5a3c-4069-a0c8-b25238789059,M,1972,534,822,0.6496350364963503
266bb0ef-3fa6-48ee-901c-f75b0d906fb1,M,1982,324,550,0.5890909090909091
273aa53f-1a39-4aa6-be26-1df7f1f59068,M,2094,500,965,0.5181347150259067
27824ea1-d1f1-4711-9313-04383b1127ca,M,1960,161,241,0.6680497925311203
2785bc82-a621-4403-8091-f513626b9449,M,1966,608,600,1.0133333333333334
279b0fb3-b0b2-494e-82c0-7ed003f05f3f,M,2096,848,789,1.0747782002534854
27c96790-7b0b-4a41-b1cf-d7155e308f09,M,1981,605,722,0.8379501385041551
27cf959f-e790-4144-88ad-5b2a04ab80f3,M,2086,590,705,0.8368794326241135
28370ae4-e020-4965-a12c-44c0bda6f353,M,1980,946,1492,0.6340482573726541
28c0ba07-1008-4d57-9b97-445ce68adac4,M,1980,315,360,0.875
28e602d4-e4d4-4b21-91b3-9d208fe7978d,M,1979,193,304,0.6348684210526315
28eb831c-6d65-4a43-9c9e-882a0dad9c23,M,1964,348,417,0.8345323741007195
29413f81-ec43-445b-b521-cad1a43a93c2,M,1946,539,870,0.6195402298850575
29481d8d-6b6e-460f-8964-8fa859ffe99d,M,2081,1011,1586,0.637452711223203
29638c81-44fc-4a8b-b4b6-1c91d3fd5d95,M,1980,138,238,0.5798319327731093
297e62e6-edd6-414e-8a8b-b1e27bf05ae6,M,1959,163,245,0.6653061224489796
2980ea82-a0e0-4d11-a6b4-326352f90841,M,2000,639,784,0.8150510204081632
29a268ce-6a3b-456a-923a-6bc0a77616a7,M,1959,891,1277,0.6977290524667189
29c238f0-50ec-497d-9503-2cd5d8bc828d,M,1970,638,1185,0.5383966244725739
29d9c083-59f5-4074-be68-a90ed17597cb,M,1974,816,770,1.0597402597402596
29fe0031-3013-4cf5-8a8f-42e549c50bb2,M,2093,193,364,0.5302197802197802
2a3cb84c-cd85-4596-b08f-8ea2d1f552a9,M,1975,687,1006,0.6829025844930418
2ab8d935-396d-4fe9-99e2-97b516d61825,M,2000,504,654,0.7706422018348624
2b855344-7594-4818-8583-e42c810ddaa5,M,1968,280,483,0.5797101449275363
2bb8e09c-e48f-4787-a1bd-4a6de860ad8e,M,1973,261,403,0.6476426799007444
2c91ad43-fde3-44ab-8fa2-ff5e45eff3ec,M,2001,219,414,0.5289855072463768
2d157782-061e-4948-8dc9-48015548a8b6,M,1980,297,541,0.5489833641404805
2d57e0e2-5120-4721-90e5-2e8a4e2af926,M,1976,635,861,0.7375145180023229
2d60a489-f475-469d-966b-211102ff0f37,M,1980,264,347,0.760806916426513
2d6239bd-c4a7-41b0-814f-aed6a89a89b0,M,1988,887,1583,0.560328490208465
2dbd52ea-c66d-457d-a734-5405b002f9cd,M,1972,139,247,0.562753036437247
2e2ba367-2b20-421d-8323-d46d5b749fd0,M,1983,119,216,0.5509259259259259
2e4f284e-6a49-404d-a8f3-0d1bcb1e2524,M,1960,339,614,0.5521172638436482
2e7ab97d-6350-47b1-a349-e7b210d37ab0,M,1978,257,320,0.803125
2e9ab674-1068-42df-83bb-89bb04e0e38b,M,1989,169,336,0.5029761904761905
2ea56bdf-2a8f-4b1c-8462-18af797186c4,M,1972,121,211,0.5734597156398105
2f00ccf5-ce6d-4058-92f6-32e66674146e,M,1980,1018,1538,0.6618985695708712
2f5bee2b-e2e3-4a71-ad8b-09cfb385a524,M,2084,401,453,0.8852097130242825
2f86f3ca-a8c6-458c-bea7-bcd985917988,M,1975,265,409,0.6479217603911981
2f8ac711-f6cb-4e85-b67b-ba47642be7e6,M,2068,393,594,0.6616161616161617
2f9d34ca-81a9-40be-babb-0ae4e28e27c2,M,2000,2128,2457,0.8660968660968661
2f9f7edd-c3c3-4208-936a-19d3a76dd2d5,M,1985,1124,1847,0.6085544125609096
2fb58d55-9e95-4d1f-91db-ddad4bb65fc6,M,2002,99,190,0.5210526315789473
2fba1231-d1d5-43ed-8da7-2ec11d5e23b8,M,1967,800,1111,0.7200720072007201
3001015e-4b53-4357-bbb1-a0b008ac23c8,M,1974,245,392,0.625
304015d5-b654-45eb-997d-6921bc3e6fb9,M,1990,116,214,0.5420560747663551
30774b13-db92-4c3d-8831-9b9382ff6bb0,M,1978,373,479,0.778705636743215
30c621bc-2357-40e7-b307-5353a2ced12c,M,0,1022,2009,0.5087108013937283
30ef6a2a-98ff-47ce-9a6d-87fdadfc4237,M,1999,1905,1936,0.9839876033057852
31687531-a279-4c55-9a20-b552ffbd5d69,M,1959,2227,4051,0.5497408047395704
3183e40a-5714-4f31-97b6-3eac2255c514,M,1998,912,1150,0.7930434782608695
31c766e5-96a2-4315-a7ec-56af7efb73a7,M,1981,882,971,0.9083419155509784
31ef7b44-58e9-4462-b625-d1bbb5767f6c,M,1985,1671,2873,0.5816219979115906
3209933c-596d-4fb2-9b66-9c2ca0198833,M,1985,137,236,0.5805084745762712
32a54909-6479-4ac0-ac39-7e57ce5ba7b9,M,1994,250,337,0.7418397626112759
32e77804-a10b-4cd8-bf4d-6bf566f32f1f,M,1966,545,844,0.6457345971563981
3309bec3-f264-424a-90e4-8278c7e1ceb9,M,1975,183,196,0.9336734693877552
331af64e-678c-4ba5-b549-1ca31467be28,M,2000,241,477,0.5052410901467506
332f38b3-d118-46fe-8846-d87399e4be0c,M,2002,523,525,0.9961904761904762
33456783-b2e1-4f39-82ee-1d65f1689e8c,M,1979,216,259,0.833976833976834
3347c725-379e-4320-a0fb-e8bcf98053f2,M,1986,251,367,0.6839237057220708
340dd81e-9515-4c1b-8018-f5359325a9f0,M,2003,167,232,0.7198275862068966
34389782-9d9e-411c-8683-f36825b081f1,M,1990,1899,1734,1.0951557093425606
34cbc0ae-e555-44c9-8862-012bb5afca30,M,1973,336,345,0.9739130434782608
34ce2ee2-c549-4abb-9ca7-8b041e207a32,M,1974,387,740,0.522972972972973
34e52663-33da-4001-98d9-33b01bc41f83,M,2068,483,849,0.568904593639576
3516c544-ac97-4ef3-a93b-b669182eb3db,M,1994,802,1106,0.7251356238698011
353e509b-11bb-4b9b-93f3-ba92f378e4c2,M,1973,297,526,0.564638783269962
3542f712-c0e5-4c02-b741-2d304dcbcd26,M,1985,96,188,0.5106382978723404
3546de69-3d26-40f9-8f3b-fcc9778e9d1d,M,2072,807,1507,0.53550099535501
357f6301-1fb5-4431-873b-e2658e33de99,M,1987,296,560,0.5285714285714286
359e3004-c9ac-4104-974b-81c5278a8b35,M,1963,221,380,0.5815789473684211
35cc915b-0d77-4d09-999c-be8e97125fe2,M,2090,140,268,0.5223880597014925
35d58657-264c-478b-a3d0-b879ae109e3a,M,1975,385,743,0.5181695827725438
35e05a90-dbd3-4568-88cc-fedc41d08689,M,2097,1093,1230,0.8886178861788618
366f2948-6a84-46ec-9306-94784457a294,F,2000,437,676,0.6464497041420119
36cdfd30-a3d3-4b9d-8b14-cf2f32261a2e,M,1981,834,914,0.912472647702407
36d26c84-b842-4648-a5d6-e43131855eb6,M,1977,1270,2002,0.6343656343656343
3719531e-00d2-4056-a8c8-fba2f623a769,M,1967,470,721,0.651872399445215
3785483e-f809-45e7-8dcf-95cceb10742f,F,2002,638,1023,0.6236559139784946
37c6b861-8dac-4d3a-9f36-94ba297da8ec,M,1994,1724,1891,0.9116869381279746
3827f4cb-4232-47fb-b24d-81e25750722c,M,1967,275,455,0.6043956043956044
38dd08f0-44a9-4936-b1e7-e0e3719a86a0,M,1973,215,382,0.56282722513089
39660cf3-8b36-450d-9092-3958bac40dd6,M,1972,1451,2328,0.6232817869415808
39688f0b-4ef3-4ca3-9e78-c48f4598823f,M,1965,480,554,0.8664259927797834
3991206e-aeaa-4de8-9626-370a0a9cbcd9,M,1976,816,1161,0.7028423772609819
39f907d7-60dc-4c9a-99eb-f03a8c0ebb01,M,1947,253,501,0.5049900199600799
3a063e0d-8e76-4f6f-9bed-1b6826e42cb9,M,2049,2756,5462,0.504577077993409
3a1239af-1cb4-43c4-80e1-21068a016b92,M,2000,341,346,0.9855491329479767
3a4e4b18-7c14-4857-8f45-b1276c3190e4,M,1984,216,285,0.7578947368421053
3a694eae-d3b1-42a3-abfb-0986ffb5e0b9,M,1986,1361,1896,0.7178270042194093
3a74749c-d364-465a-8b26-47a6a58ddc55,M,1984,131,214,0.6121495327102804
3ab9ba0b-99e4-4b8f-a77c-4caee2ea0d8b,M,2090,346,416,0.8317307692307693
3b0af3a5-eaef-475d-bc83-52a434998d74,M,1955,1074,1683,0.6381461675579323
3b1f5ed5-51c9-451d-8eda-b9e85d62c7d4,M,1969,270,329,0.8206686930091185
3b42a8be-1513-46dc-8869-f151a5885397,M,2000,399,673,0.5928677563150074
3bc89d1c-5f82-41a0-9534-e6f747be37a4,M,1970,259,450,0.5755555555555556
3bd695c4-0bd1-40e4-a8c2-97fcd95cb1c9,M,1966,553,849,0.6513545347467609
3be60cae-ab57-4016-b03a-6a3a76e9279c,M,1981,370,640,0.578125
3c3e47ca-7c5d-4a84-a29a-d0294f3a9c54,M,1972,436,739,0.5899864682002707
3c44d41d-ae6d-477d-9be8-a8a51f554b9b,M,1973,607,561,1.0819964349376114
3c59468a-7406-46fd-8e8d-40c5a43d974f,M,2064,1127,1556,0.724293059125964
3c61dc3b-68c0-4a2d-8724-6a744abe6d19,F,2000,116,216,0.5370370370370371
3cda1bd7-56c5-428e-98c7-fe13f7e1cbae,F,1982,171,259,0.6602316602316602
3ce07794-41c7-4c74-8b02-3c7cf90b5456,M,2062,1144,1289,0.8875096974398758
3d296088-fb88-49c8-886e-3c020c5bba60,M,1961,2079,3563,0.5834970530451866
3d30b54d-bcdb-452a-b50f-68b1c06c8726,M,1981,495,799,0.6195244055068836
3d8aaafe-f047-4cd8-b951-30fc8db6bd22,M,2060,761,1389,0.5478761699064075
3d9646c3-9b24-47d0-b7fe-1d48dedd26ce,M,1966,340,509,0.6679764243614931
3ddd3a12-ade0-4a7e-b9bb-dbc524be75f6,M,2091,390,428,0.911214953271028
3df424f4-43c6-43c0-9c73-9cb11a0dd59e,M,1981,478,852,0.5610328638497653
3e92e6b9-0e9b-4ab2-abbc-e235f90c3465,M,1996,242,283,0.8551236749116607
3e94d66a-1582-44d7-80d3-223a5560c0d7,M,1997,494,543,0.9097605893186004
3ec7b1f1-adfc-4f89-8785-371ddd363d35,M,2054,1292,2357,0.5481544336020365
3f1fe8ba-956b-4c49-a09f-9a101c5eff51,M,1997,387,573,0.675392670157068
3f20aeef-0e81-4bf7-90a2-a6c837e4c8d5,M,1963,468,493,0.949290060851927
3f42c575-a7ff-4b5c-99dc-5d49de8451b2,M,1968,3916,4526,0.8652231551038444
402c3bcd-79ac-46af-a55c-610da4e0cb56,M,1988,436,593,0.7352445193929174
403f77a3-d594-4444-b1ee-54be7dfeedd3,F,1970,1160,1755,0.6609686609686609
404890ef-3538-452c-be86-ccffdd5ffb60,M,1961,239,323,0.739938080495356
40b1ac78-64e1-44c3-93e7-e384012ea444,M,1987,475,610,0.7786885245901639
40b4eda6-1432-4f61-859f-a595d7a4cbef,M,1996,474,831,0.5703971119133574
40badb27-9669-4933-b032-806ec26d79c0,M,2000,237,267,0.8876404494382022
40efd42e-0dde-4396-a2f5-45ef6e248bce,M,1971,1048,2051,0.5109702584105315
41556e5c-6653-48ed-9120-195cac1770c3,M,1976,1266,2042,0.6199804113614104
41611ac9-2a4d-4a3f-95ef-86469cdc8057,M,1977,204,343,0.5947521865889213
41a8bd94-c9eb-4849-a274-f2dcba62fe85,M,1981,656,1281,0.5120999219359875
41aef225-e6a0-4f4f-b923-e8fa622ff8dc,M,1985,334,594,0.5622895622895623
41b9f2c6-acfe-4957-8881-bd6a94ce49e4,M,2003,219,351,0.6239316239316239
41dd0232-60bb-4eb7-8532-5c561f31e977,M,1952,345,448,0.7700892857142857
41f2567d-9081-4602-8474-cd20c97975aa,M,2083,422,661,0.6384266263237519
421a8780-3257-438d-b591-28e23f438842,M,1975,879,1507,0.5832780358327804
4238ad32-fafc-44f5-8827-1927fe17b6d4,M,1960,751,755,0.9947019867549668
42c28be1-0f23-4e72-99be-adce9a593411,M,1962,666,1196,0.5568561872909699
42f24109-a3c2-4174-a6b8-1cb4185ad71a,M,2000,2869,4248,0.675376647834275
42f9083c-f725-4faa-b2ae-c6b14fdc9cc9,M,2083,1958,3321,0.5895814513700692
42ffef73-a952-43b3-93a5-9685d4a740bf,M,1982,618,1043,0.5925215723873442
433abcb7-e4db-4002-892b-f033db0a4700,F,2000,319,542,0.5885608856088561
43880046-7f65-4d99-a005-04b1bbd69e63,M,1976,793,1129,0.7023914968999114
438a343e-c1f3-4e7c-b426-603c18bc7048,M,1995,226,375,0.6026666666666667
43aeb4c5-d70b-49c3-a22f-45a1781843d1,M,1975,1050,1028,1.0214007782101169
43f5ce73-f17e-4b35-a230-d692c56958ad,M,2075,757,915,0.8273224043715847
43f7f7ea-bc2b-4692-806f-6eee65ed10c8,M,1988,541,590,0.9169491525423727
44218e79-1ece-431c-8469-16be3f16e678,M,1989,246,448,0.5491071428571429
44238793-6d91-46c2-b9c9-98d4deebce46,M,1987,503,818,0.6149144254278729
44549238-a408-4a54-b9ef-fe365b7d68ce,M,1975,780,1105,0.7058823529411765
445c698a-ee2f-483b-b9d9-c4562bdafb88,M,1974,226,408,0.553921568627451
44716e58-58e9-46a8-ac14-ed45c23cb1b1,M,1963,1571,2392,0.6567725752508361
447af8e3-c2dc-46bf-96a2-6d07da8f9bb0,M,1982,336,456,0.7368421052631579
450f3103-b8c2-4353-bdca-472ffd1c4dd7,M,1969,852,1227,0.6943765281173594
4557b786-c5e3-467e-8450-cfa376a7b12c,M,1960,783,1276,0.6136363636363636
45771b3d-0bf8-4bd6-adbf-0fd7ae1a17c0,M,1994,1137,1102,1.0317604355716878
45ee3ef5-b7ae-497d-8a24-963f32db0268,M,1971,1903,3690,0.5157181571815718
46035899-ffbd-4330-a73c-782bc955fd78,M,2019,104,200,0.52
460aa4ac-7ad2-4a63-a1e1-295823bf955b,M,2057,967,1567,0.6171027440970006
4623ae91-fa63-4b25-a91d-e3b4c8190ae7,M,1952,1604,2750,0.5832727272727273
467fb73e-cba6-4beb-93c3-0c914d80d55e,M,1961,183,299,0.6120401337792643
47686a90-73eb-42c2-9cb1-7ec7a67a43b3,M,1966,1498,1561,0.9596412556053812
476f1a9c-729d-43c6-9ac5-914d60603187,M,1961,949,1553,0.6110753380553767
47aeac5c-8a5f-4f94-9969-fd5ce2bdec81,M,1987,275,369,0.7452574525745257
47d7b584-3ab4-4dd7-a90b-bf06d2e75081,M,1992,202,378,0.5343915343915344
483a0a55-e356-48d7-8212-a6ef180e645f,M,1982,803,857,0.9369894982497082
48664864-f400-4eb9-987d-7e593513ba71,M,1997,392,466,0.8412017167381974
48a39786-5000-457c-b6d3-5f923e8f76a4,M,1979,370,396,0.9343434343434344
492ad1eb-f2a5-404a-b096-81a59d76a167,M,1976,397,684,0.5804093567251462
492c3ed5-76b9-40d2-a6e4-311909c5332f,M,1991,486,583,0.8336192109777015
4939681a-7286-4de8-9231-2f10941aa5b4,M,2094,435,414,1.0507246376811594
4a07f9c7-58d7-413d-8e7b-ca3c5f379c57,M,1980,174,327,0.5321100917431193
4a1384ce-249f-421f-9ee1-f9ffe1ab028d,M,1975,657,907,0.7243660418963617
4a792925-c80b-4845-88d7-e3a5109c605d,M,1975,427,718,0.5947075208913649
4af76642-ca6e-43be-b5f8-5c6519be00a9,M,1987,487,671,0.7257824143070045
4b0d507b-d9de-4ce0-8ea2-0d5c3ef03f1d,M,1989,204,316,0.6455696202531646
4b1ede08-6163-4bfa-bc74-c58ae4d2dc2b,M,1968,1569,2562,0.6124121779859485
4b383891-34ea-4b24-8e0d-693411197fbc,M,1991,467,851,0.5487661574618097
4b807fbd-d85f-43c5-b4de-a8e4720fef4e,M,1991,285,534,0.5337078651685393
4babedca-5349-43e7-823b-242e28171540,M,1966,887,1565,0.5667731629392971
4bf0161a-a501-4993-9114-600a358c4807,M,1970,212,379,0.5593667546174143
4c06e8da-29df-4c9e-bb77-53c26dd83aa8,M,1980,412,706,0.5835694050991501
4c08148d-096e-4593-8a67-2d08d4035df5,M,2081,796,911,0.8737650933040615
4c08ede9-32c3-4027-b737-54d13256ca94,M,1984,201,374,0.5374331550802139
4c72a753-eded-47be-8173-6036d910df8a,M,1973,264,355,0.7436619718309859
4c7a3268-80e2-429f-a1a6-59ac00c1cf01,M,2000,292,298,0.9798657718120806
4c7d82d1-0ca7-4790-8d69-fba74cb27e46,M,2000,1383,1384,0.9992774566473988
4cb2c1dd-0f49-48c7-99f0-97e8637e5ae6,M,2071,622,1213,0.5127782357790602
4ceff370-84d4-4c17-afd6-9e27b8684f67,M,2089,1458,2020,0.7217821782178218
4d3a77d6-1f12-45ca-a918-5a2dd7780f5d,M,1971,401,439,0.9134396355353076
4d559653-a668-40bc-9af1-893f0e8afbe8,M,2086,683,1074,0.6359404096834265
4d709417-32c8-4128-98f3-54d71bd37119,M,1975,240,476,0.5042016806722689
4d7eb099-5b50-45a1-9a69-e9898c77fe85,M,1979,250,472,0.5296610169491526
4da670f8-cc59-4b23-b1e7-cc09dfdb914c,M,1969,1050,2037,0.5154639175257731
4dda9637-a91e-4571-85f3-a868c77b54e9,M,2086,1346,1961,0.6863844977052524
4e2316e5-613d-46a5-865f-eb2c2026e7ed,M,1984,832,1288,0.6459627329192547
4e38b99a-bedd-49f6-8e65-0f5583ed49b8,M,1980,514,819,0.6275946275946276
4e55dff4-fc78-49f3-95bb-6df78b426fb9,M,2000,330,477,0.6918238993710691
4e7c6492-19f9-4c38-a143-b5d18ecbacf9,M,2000,178,349,0.5100286532951289
4eb61eb8-c5e2-41ec-831d-42fdceddf0c5,M,2000,239,305,0.7836065573770492
4ed32d19-aeb6-43c1-aa11-7c41a1e935ee,M,1989,327,440,0.7431818181818182
4eea7687-c0eb-4961-bb2d-ab5114048064,M,1985,216,311,0.6945337620578779
4ef897f7-b15f-43dd-bbcc-67975bcb6173,M,1983,411,472,0.8707627118644068
4f5bc834-d332-4f09-a029-711b4d4478f9,M,1994,204,384,0.53125
4f653f36-e2da-47d2-b65c-04c935c72a54,M,1956,418,751,0.5565912117177098
4fdf548e-37fc-448c-8f7b-bc51459455bd,M,1991,618,820,0.7536585365853659
501fd113-f3e5-449c-aae6-2fa26544f8ff,M,1975,525,983,0.5340793489318413
50607cbf-daf9-49a4-b7c6-fdfee26da5dc,M,1974,236,351,0.6723646723646723
50aa1d57-56c9-4207-b391-dcebf22465c8,M,1946,265,525,0.5047619047619047
5165201d-92e3-4edf-9ed7-21a65bbabcca,M,1969,112,211,0.5308056872037915
5172b300-8b76-469e-b2ae-9036a33dd78f,M,1975,196,367,0.5340599455040872
51bf566f-80ae-492f-b6a4-3a3caeb289ec,M,1987,922,1405,0.6562277580071174
51d29df0-834b-4879-b81d-12f6d7815858,M,1971,316,546,0.5787545787545788
51d6c390-fb5b-46e1-b886-6dea5a7b4dca,M,1977,599,954,0.6278825995807128
52056381-cf70-4075-a5d6-5ab05e89ecf1,M,1993,239,426,0.5610328638497653
525d1d99-83d4-48bd-8603-339c065a59c6,F,1997,907,1364,0.6649560117302052
5294ddea-748e-41c8-bdbb-2befbe2c7760,M,1975,302,402,0.7512437810945274
52e4ed1c-c10f-4296-92ec-3530ac69b689,M,1988,252,372,0.6774193548387096
52fdcf03-14ad-40bc-8142-753b05355c60,M,1995,1440,2301,0.6258148631029987
532df66e-9ccf-4dcd-9598-d389baf1a1f8,M,2019,338,547,0.6179159049360147
5332ed72-833a-414d-b1ec-8103afc79a23,M,2000,1529,1933,0.7909984480082773
537ba4dd-6607-4932-8d11-bcedcfae6a7c,M,1974,423,690,0.6130434782608696
539a035d-bef8-4dc1-a1c2-2884203f24f1,M,1989,320,443,0.7223476297968398
53da3e25-88f2-438f-b8a3-8038636d1a1a,M,2003,245,330,0.7424242424242424
53e636d6-518d-42f9-89ee-d1862f7d27bf,M,1982,1167,1220,0.9565573770491804
53fd86c3-5d2b-42ab-973b-b0e30160716e,M,1976,779,1444,0.5394736842105263
54826f98-9163-4d8b-bcf4-f266a4499788,M,1997,522,767,0.6805736636245111
55efc660-5933-4b33-9028-a49d594e2f21,M,1986,449,775,0.5793548387096774
5637f701-4dc5-42e0-9a37-eef8d895a7ed,M,1970,377,565,0.6672566371681415
566cab7b-8e38-4dba-91e1-85fe7778aab9,M,1994,363,450,0.8066666666666666
567a867f-d102-47ae-9947-03304f7b42d8,M,2000,550,742,0.7412398921832885
56f54777-28f2-4c98-b73a-f44b92d3f2a4,M,1961,176,324,0.5432098765432098
581c9819-8d3d-4cb9-a048-274b96be1539,M,2000,197,226,0.8716814159292036
582c458b-e06e-4608-93d9-fd72c888fdb2,M,1993,893,871,1.0252583237657864
58972037-cf03-4053-8fde-20b3b594a9b2,M,1982,180,313,0.5750798722044729
58ca5f77-0cfa-423a-9ae2-db25038181b8,M,1979,882,992,0.8891129032258065
5913a5dc-cd62-4699-bd41-7cfea6550898,M,1983,235,456,0.5153508771929824
593234e8-8a70-4a36-a1be-aed4f8c63ccc,M,2089,389,421,0.9239904988123516
5953b117-12ac-47c2-915d-a90f3d1fd0fa,M,2084,1310,1867,0.7016604177825388
59681a02-f0a7-450b-818e-600499301801,M,2069,2147,2855,0.7520140105078809
599ca028-14d8-4d4d-83bd-334b02f4af5f,M,1979,804,1035,0.7768115942028986
59df8388-a107-471a-944a-822d8638a30e,M,1970,214,379,0.5646437994722955
5a061886-2a54-4a7b-9753-fbc0839178d3,M,2002,492,607,0.8105436573311368
5a47a611-5133-47e9-b933-e2dc0c59ae8b,M,1987,387,396,0.9772727272727272
5a74212c-d334-421c-a6a7-2eb149556a79,M,1980,177,299,0.5919732441471572
5a7a06b8-92c3-4037-a49f-7b4b30dfb4f3,M,1987,1135,2246,0.5053428317008014
5aa3356a-8dfe-4219-a5a2-782d18373289,M,1970,999,1886,0.5296924708377518
5aaf53a2-ec69-419d-b79f-b896148e1eb7,M,1971,774,1531,0.5055519268451992
5ab76e6a-b2af-42fc-b0cc-f335d5d45aed,M,1974,1041,1118,0.9311270125223614
5ad057d3-1027-4241-8894-131beb3a5dd9,M,1978,199,218,0.9128440366972476
5ae846a2-fb61-4553-a41f-99db55bcebbd,M,2000,461,448,1.0290178571428572
5b29d991-aed3-414e-82a7-028f9e65cfc0,M,1956,727,1140,0.637719298245614
5b629834-bd39-4ef2-b551-24797f394f49,M,1987,389,504,0.7718253968253969
5b708797-63ab-450f-b45c-9b7694e8dcee,M,1992,688,1140,0.6035087719298246
5b72c00d-7b47-4a8b-8372-278a0c6d0add,M,1975,482,733,0.6575716234652115
5b84f01a-7972-498b-b3a7-510784d20703,M,1996,114,210,0.5428571428571428
5c03f316-8bb3-417f-a534-9c8aeda6ff60,M,2000,406,728,0.5576923076923077
5c61aec6-601b-4d63-9dc7-d6305bc8cca6,M,1973,642,839,0.7651966626936829
5c7125dc-176f-40d6-aee6-21cca597a119,M,1988,1945,2165,0.8983833718244804
5c9a0f4c-5100-4464-bbe2-a8616b64bea2,M,1979,949,1703,0.5572519083969466
5ca1341d-c4c0-41a4-a13e-121c4adb4edd,M,1968,582,854,0.6814988290398126
5cd21b4a-138b-464d-b2cc-628f9dd286e7,M,1979,217,353,0.6147308781869688
5d0882d2-baa1-4199-8485-cd8233c79916,M,1968,185,320,0.578125
5d2bd528-f338-4d49-bbeb-b8d70f6cd38e,M,1976,360,388,0.9278350515463918
5d832f19-7169-409f-b1d3-6947b72e423b,F,2000,180,212,0.8490566037735849
5d922a71-c980-44bf-afe7-f87f7e431f1a,M,1979,1058,1832,0.5775109170305677
5d9be2e9-fe18-46b0-83d3-ff3c4ad5da60,M,1973,276,375,0.736
5daf685f-4f4d-4221-a39a-702bed8d5172,M,1963,1591,2869,0.5545486232136633
5e431910-acdb-48e8-9522-5abf0945d680,M,1982,663,1222,0.5425531914893617
5e8b9087-baad-4dfa-ba28-dc40331ee254,M,2014,2177,3694,0.5893340552246887
5f069fe0-3da9-4c8f-84c1-68714a5ad533,M,1988,98,186,0.5268817204301075
5f1f2a4c-32ee-4b2e-b82a-c6132560488a,M,1983,504,942,0.535031847133758
5f2d15ca-0702-400c-b860-1a892e833dff,F,1969,398,373,1.0670241286863271
5f3b1501-2ed3-4874-9523-d6bb16f64504,M,1974,1002,1816,0.551762114537445
5f4779f2-4152-4827-85a2-2d9030a24d63,F,1991,1087,1118,0.9722719141323792
5f526a24-52be-4bc7-b819-c0143ef57fc6,M,1979,651,1294,0.5030911901081917
5f9cebb6-cdc5-4685-a7ac-3f58a17dda9e,M,1965,824,1122,0.7344028520499108
5fb378ab-7d06-4ad5-8a6b-488321c5513a,M,1976,376,410,0.9170731707317074
60310096-c114-4420-b427-8c2fb0a801f6,M,1979,650,1016,0.639763779527559
60388b57-c759-413a-8080-51ceef037a8e,M,1963,279,400,0.6975
605216e2-6eba-4da6-a528-0871f93a9149,M,1976,649,1271,0.5106215578284815
6103077f-117c-481c-b641-edc898241d3c,M,1980,334,634,0.526813880126183
61318744-f601-480b-8273-3d0bcdafc7d4,M,1972,417,427,0.9765807962529274
614d4037-3a82-4c00-89dd-64ab6b35b18a,M,1961,907,1164,0.7792096219931272
6192f31e-978b-4348-82f8-196f89ed52b5,M,2000,1022,1172,0.8720136518771331
619a41cf-505c-47fa-b87a-8dbefc63a1a4,M,1967,1603,2001,0.8010994502748626
61b648bd-24f7-40ab-9e3a-f09d9199e8c2,M,2000,970,1884,0.5148619957537155
61c5a889-9114-4a85-8285-c8f7d1a80d81,M,1983,290,487,0.5954825462012321
61fb92e3-eaa4-46f6-a4c6-6b453b040ee3,M,1985,1061,1399,0.7583988563259471
6257f49d-0fa5-4eab-aa1f-7fe90c6aac67,M,1979,210,372,0.5645161290322581
62d8d17b-7a31-43bd-9f51-6c4e673a3c0e,M,1978,285,507,0.5621301775147929
6307b07d-a982-404d-8c6d-940a02915a6e,M,1973,224,293,0.764505119453925
63723475-e9b3-4f4e-8d34-e58ede60bcca,M,1970,288,474,0.6075949367088608
63754132-14c5-4373-9295-dd4f3dd86ce5,M,2076,270,440,0.6136363636363636
6391443d-c4d9-44a7-8a6c-ca0cf2d25b5c,M,1979,670,1161,0.5770887166236004
63db5319-e73c-4e5c-943c-c723eae0dfce,M,1961,370,633,0.584518167456556
63f57d85-1e3d-412d-9f09-827e446fb7f1,M,2094,1006,1078,0.9332096474953616
63ff1e90-d742-4082-b278-d330d7cfd59a,M,2000,344,618,0.5566343042071198
64250801-e914-4869-9d04-a3070db2f8bd,M,2000,213,278,0.7661870503597122
64296ce4-dc70-4411-b204-03af92874cfd,M,1980,194,378,0.5132275132275133
64364266-cab8-436d-b11d-322c298de07c,M,1979,433,637,0.6797488226059655
6442127f-4fea-40dc-9445-b91049bc3981,M,1991,257,327,0.7859327217125383
6452704c-5bdd-492b-b791-d8e4a545692f,M,2092,528,569,0.9279437609841829
6454a948-9715-49bd-8db8-2c7d5fa20b3f,M,2089,1420,1444,0.9833795013850416
653be5be-4e94-47b5-84a0-08996b411895,M,1970,444,746,0.5951742627345844
65d470c1-9339-41c9-a6d0-0330b7ab14f0,M,1994,478,857,0.5577596266044341
66325c2e-4879-45fa-a755-a0dbd395bf68,M,2000,331,415,0.7975903614457831
6673e728-d80a-4690-bb50-7b44e8755eb7,M,1970,363,720,0.5041666666666667
66954f7f-fe5b-4324-ada5-dd8020199229,M,1997,1140,1662,0.6859205776173285
66980d09-8f5a-42b5-873f-96905c2853eb,M,1978,214,419,0.5107398568019093
67131b01-a667-41e1-8220-f4090c87ada8,M,1984,214,313,0.6837060702875399
671b2fb5-2b81-4fce-8982-cf691a1c0583,M,1978,1624,2258,0.7192205491585474
6783ae91-9870-44f2-8667-14a88cb3a143,M,1992,330,611,0.5400981996726678
67d6e943-d6d8-437d-a9f3-b0b4c73a40cf,M,1972,250,373,0.6702412868632708
683edf93-bdab-4474-bef8-e65e2d50fa0e,M,1992,241,368,0.654891304347826
684d7f45-f8b6-4b09-8bdb-417d57b473b4,M,1975,211,400,0.5275
687e9a93-d5e6-425b-9fc0-c8d44c888296,M,2067,228,373,0.6112600536193029
68b8a020-db62-449f-bb82-fa24a6d23e0d,M,1979,619,742,0.8342318059299192
68d0b421-4d73-4a6d-a301-3e239903c9e5,M,1972,186,292,0.636986301369863
6901d331-6ce7-46ba-b515-5c9da483d28f,M,1988,482,687,0.7016011644832606
69ac28cf-a514-49c4-aadf-1a3bf9b1826e,M,1996,481,749,0.6421895861148198
6abdb782-34e9-40a2-b15a-23d71cb9f165,M,2000,1212,1401,0.8650963597430407
6ae22bc0-8dec-44e2-a40c-e266335d2d3a,M,2078,1560,1694,0.9208972845336482
6af6fd67-6396-41fc-b353-143a714ac464,M,1971,1426,2020,0.7059405940594059
6b08af7b-7619-4d26-ba32-358d8915d32b,M,1963,323,553,0.5840867992766727
6b0ea6ec-bc56-4abf-a726-99c6495875ca,M,1981,665,1227,0.5419722901385493
6b67ac81-ede8-4a3b-9071-eed7b6e062b6,M,2057,127,185,0.6864864864864865
6b6f74f9-c007-47ed-a4b3-ada3c05fde8f,M,1972,591,1079,0.5477293790546802
6b798a4f-5fe9-4287-ae75-c7bf3fb31bc6,M,1997,940,1376,0.6831395348837209
6be1f3e0-5b3c-429e-9a62-fd21d835fb69,M,1981,549,525,1.0457142857142858
6c2874e6-a115-40f0-8a07-feef5679eb0c,M,1993,659,1053,0.6258309591642925
6c2f5b58-77f5-4106-9102-5db5dea13fbc,M,2000,279,383,0.7284595300261096
6c3fdd91-a95a-420e-8c87-397ab1daa462,M,1993,215,300,0.7166666666666667
6cc3b6e8-5666-4d0e-a862-af77ef9569b2,M,1963,244,416,0.5865384615384616
6ceff30f-4aaf-4a92-a43a-952d0230575c,M,1979,2118,3067,0.690577111183567
6cf98ca7-c2f0-4d85-8ce8-e8accf6217f6,M,1999,277,350,0.7914285714285715
6cfb9cad-7597-4e31-bc24-31aff1f349cd,M,1950,1486,2858,0.5199440167949615
6d1c04df-1473-41b1-84c5-4ad11b336038,M,2000,247,413,0.5980629539951574
6d808c81-5988-44cb-8a65-12723ac05506,M,1989,128,194,0.6597938144329897
6da216e4-30aa-4176-9ac5-28c4f7cdda4c,M,1985,718,814,0.8820638820638821
6da57b80-623e-4122-ae3f-a9770f0c1833,M,1982,1205,2289,0.5264307557885539
6dce59a3-ae52-48ab-afa4-a0d853682e67,M,1959,200,243,0.823045267489712
6e41e6da-36dd-4ba1-b33d-f37aaaded6f8,M,1970,336,669,0.5022421524663677
6e6dd490-682e-4dc2-bab0-ddff266114a9,M,1993,1456,2657,0.5479864508844562
6e71df9d-eb76-4706-9c7a-11a0eaacb1cc,M,1958,1410,2297,0.6138441445363517
6e79468e-9217-47ab-8d9e-6087552f85dd,M,1994,273,535,0.5102803738317757
6e835e36-9f7e-4012-a635-35614f1411f3,M,1982,195,346,0.5635838150289018
6eb2df3a-945b-42c5-a592-ca8d06836505,M,2000,601,964,0.6234439834024896
6ef17a05-d13c-4f1d-8db0-92c0d8189c28,M,1975,398,516,0.7713178294573644
6f1cf5b1-0610-47c6-8b84-aae78368a05d,M,1974,156,281,0.5551601423487544
6f732250-d5a3-4077-b29a-beb6fb19e5e8,M,1978,461,482,0.9564315352697096
6f750951-6443-49b8-b69c-c699d14a72ac,M,2000,402,468,0.8589743589743589
6f777ff0-ea6d-4487-a1fa-f6c9407822c2,M,1989,493,961,0.5130072840790842
6fdd4a89-1acf-45f2-bfae-dffa44fb8de4,M,1968,107,213,0.5023474178403756
7006ceeb-364f-4fe3-8f01-f7831f8203c4,M,2000,398,575,0.6921739130434783
702f4866-cebf-4fe6-b281-8fb10240dfb5,M,2019,1495,2426,0.6162407254740313
704fc2cb-e17c-4557-aec0-96962a8043a7,M,2000,338,451,0.7494456762749445
70533ae5-7568-407b-ba51-fd9ffa956508,M,2000,137,203,0.6748768472906403
705d4ac7-258c-42d6-9ff6-c74b3dbb04c7,M,1964,504,901,0.5593784683684795
70a6199d-3f8a-45e2-852b-1823e233cb6f,M,1979,1830,3214,0.5693839452395768
70c8a936-6e17-4373-aba3-19f023838519,M,1974,181,259,0.6988416988416989
7103a89e-bd37-45eb-a04f-05fa11bbdc91,M,1962,737,773,0.9534282018111256
7111053a-c14c-4dcc-8537-313a3405706e,M,2000,498,953,0.5225603357817419
71574f85-9634-49fa-afdc-858a0acc4104,M,1985,240,377,0.636604774535809
71758615-f396-4e58-8b55-50ea2b7a340b,M,1972,3204,3049,1.0508363397835356
7182e3e0-4f9f-463b-ab45-53d9d4de06c2,M,1989,647,1064,0.6080827067669173
719e76b7-2342-4d97-8f9b-71a75703c73d,M,1993,138,202,0.6831683168316832
71a83aa9-6103-4a69-a2a0-c2be5bb1d8a8,M,2000,259,372,0.696236559139785
71aaad87-d40a-4533-950c-f8813548d832,M,1980,399,777,0.5135135135135135
71fdb854-066f-42eb-baaf-23995609b773,M,1964,218,409,0.5330073349633252
725da891-0b0d-4a4b-9bbe-c7bff70e24c6,M,1970,737,1116,0.660394265232975
72d05a3c-1f44-41a3-bbbf-8bfffdc6091b,M,1964,1322,1528,0.8651832460732984
72ddef6a-1fde-4bcc-a481-01ffdea91f77,M,1989,326,370,0.8810810810810811
72f52434-75b5-4b2e-bb2a-6cea692b5999,M,1985,1136,2138,0.5313376987839102
73168188-b5cd-4158-b181-cee79a55f525,M,1960,136,258,0.5271317829457365
731a0e88-0cba-46e3-8860-13d246e5d423,M,2076,746,1068,0.6985018726591761
73a391d7-ef6d-4950-adbb-4fc9e1494648,M,1989,393,656,0.5990853658536586
73a39ef5-c397-474c-802e-fe34286dce4f,M,1974,174,215,0.8093023255813954
74114d44-6c7f-4b11-a9c5-ba33f2a643c3,M,1967,872,1732,0.5034642032332564
7416516c-6ad4-406b-a310-bb8a87cf5dd1,M,1987,215,346,0.6213872832369942
7424c823-9089-4b17-a9ea-ce6e62d027ce,M,1994,906,1256,0.7213375796178344
742feafc-ccfb-4e60-ae51-7ad4ab2e892d,M,1964,213,397,0.5365239294710328
743b513d-0acb-476c-9eff-7a29b9a99f01,M,1970,252,387,0.6511627906976745
7480939a-514b-4adf-a60a-cfba5f94b1f6,M,1996,218,267,0.8164794007490637
74846098-6b06-46fb-9ddb-0908a7330605,M,1995,772,938,0.8230277185501066
750e1c67-b607-4b16-9385-eda94e9b2e42,M,1981,301,446,0.6748878923766816
75119381-8969-4cfe-8c31-f21ce0f7ae3a,M,1960,222,274,0.8102189781021898
75162f36-e478-422f-a66e-127b14b14aea,M,1997,1015,1604,0.6327930174563591
75223803-950a-49fb-8fb9-04397b7a68cd,M,1998,302,588,0.5136054421768708
75f62b0b-27e0-43ea-8263-d531c8cc0607,M,1973,960,1178,0.8149405772495756
76524120-6b83-40e2-bc0f-5e858569b121,M,1981,1000,1288,0.7763975155279503
76b103e6-756d-429e-88f0-b4bc4c4b80d3,M,1961,476,944,0.5042372881355932
76c9463b-4fef-46eb-afa9-a29b29cf34e0,M,1970,256,417,0.6139088729016786
76ea285f-2a5d-4508-ae56-d58c1de88d60,M,1955,398,692,0.5751445086705202
771b83e6-3278-4d79-bdaa-7c66ba5d30d8,M,1976,806,1162,0.693631669535284
77481c08-ef88-43f0-8c3d-8959b72bf930,M,1975,163,226,0.7212389380530974
7780d1e6-26b2-411e-971f-8d35c56e65d8,M,1977,366,399,0.9172932330827068
778212b0-3ef0-42f2-9190-b1a06eca6db3,M,1972,150,229,0.6550218340611353
779ec98d-2fee-4e4f-a631-a22a05dde2b1,M,1991,442,452,0.9778761061946902
77a8cc9a-f906-4810-a8c0-14e51003e45f,M,1990,151,261,0.578544061302682
77efa00d-2ea1-474b-aeab-5a53237523fe,M,2082,273,376,0.726063829787234
7814e3a8-5339-4299-9120-b2208f905de8,M,1997,206,368,0.5597826086956522
782243c8-a8a3-4f7c-aac2-6f472d0b5645,M,1963,325,464,0.7004310344827587
78593a42-57b5-474f-977c-a04a02d8de95,M,1997,210,357,0.5882352941176471
787ee7dd-1f98-4ef2-af4a-ad61d771d2e7,M,2002,105,205,0.5121951219512195
7895faf6-e03c-403f-86ae-349b3a940c7e,M,2089,385,558,0.6899641577060932
791cfbe5-52e8-4818-b7f7-536733b06141,M,1961,799,1471,0.5431679129843644
796e579a-10bb-4d5c-b7eb-1a2d8ccb3618,M,1976,987,1247,0.7914995990376904
798e5b1c-1042-4028-8bf9-7ab9173f916b,M,1978,1802,2124,0.8483992467043314
7994ec0a-85d3-407c-8fdf-f594de02a6ee,M,1973,228,455,0.5010989010989011
799e9e1c-707c-41c2-81e6-528222957039,M,2068,1242,2254,0.5510204081632653
79b17b31-3409-4f64-a963-d02455613b9d,M,1991,338,565,0.5982300884955752
79f60d01-2fd3-4d08-a27e-9c02188fb3e1,M,1986,202,402,0.5024875621890548
7a1d6342-15e2-41c4-832f-fb2699cd6e0c,M,1970,2463,3070,0.8022801302931596
7a32ae57-4c11-4b61-b3fe-8c0835d0562b,M,1978,113,204,0.553921568627451
7aa925db-aa26-4918-b4be-158102af2b95,M,1979,184,265,0.6943396226415094
7acf08f7-6d02-40ed-97eb-55bf3b7b20a3,M,1979,456,648,0.7037037037037037
7aeb1f20-604f-4c01-a382-c26bd2f7c66a,M,1998,445,506,0.8794466403162056
7afbe1fc-c0df-4b66-a4cd-091bfee2f446,M,1961,625,1148,0.544425087108014
7b504170-8285-4920-8987-3e82d3018cee,M,1985,555,676,0.8210059171597633
7b616d47-5f4c-4de8-8b53-0a4598f05731,M,1974,216,329,0.6565349544072948
7c147d9d-471d-43d5-8981-030742bc3076,M,1998,736,868,0.847926267281106
7c2f69b4-751f-49bf-b673-0ab115d65124,M,1972,100,194,0.5154639175257731
7c6b4603-ed9c-4906-90c0-e95664e00c7d,M,1988,1188,1964,0.604887983706721
7c881223-b862-499a-9a92-931fa176e18f,M,1974,344,428,0.8037383177570093
7c940e30-011b-4e1d-8b99-df86877f702f,M,1980,1188,1627,0.7301782421634911
7cd74375-d7ce-483f-98c8-10d34764757f,M,2063,1171,1483,0.7896156439649359
7cf5599f-bf2f-4603-abff-a206439229b5,M,1963,163,300,0.5433333333333333
7d0db75f-54bc-4b48-a69e-3a73d167cfb1,M,1967,171,289,0.5916955017301038
7d3e4d69-ee11-4aee-bdb9-dabf1abc370e,M,2089,292,370,0.7891891891891892
7d43eadd-9921-4c10-a871-7c4571494574,M,1995,333,472,0.7055084745762712
7d4db3a6-fb58-4837-9e99-0979c701c04c,M,1999,315,373,0.8445040214477212
7d6c4057-b7a6-4ddd-a956-b026410da767,M,1984,240,398,0.6030150753768844
7d770f18-c686-4d2a-9cea-3d0c00881b46,M,1967,742,1088,0.6819852941176471
7d8e790f-b085-4737-bf90-3523a6c14fa5,M,1989,942,1027,0.9172346640701072
7d9cfd59-bfb9-4c7e-a3c0-432764dd0396,M,2000,295,456,0.6469298245614035
7dbed9d7-b8ce-4378-a07d-c231aa60b2d9,M,1976,322,520,0.6192307692307693
7de6f5bd-fcf4-4933-949e-de0c066e6a10,M,1982,248,260,0.953846153846154
7e3005bb-3aa5-43c2-882b-5ea52f8cb0dc,M,2084,592,1154,0.512998266897747
7e302e47-0ef2-4bc2-b2b6-a526b1d44ddc,M,1968,1052,1598,0.6583229036295369
7ed25a8d-ebf7-42a4-ab77-eb310576505c,M,2084,244,422,0.5781990521327014
7ef04ee6-59fd-4592-b52f-e6379a7bfa34,M,1985,560,724,0.7734806629834254
7f7f3686-29a0-4be7-803f-a1a746bc5ee9,M,1983,557,907,0.6141124586549063
7fcdae85-1565-4734-b130-5bac205427e2,M,1979,645,1182,0.5456852791878173
803e0244-ff53-43ac-9281-b9a9877e171a,M,1977,969,1418,0.6833568406205924
80402b52-0688-45fd-91c3-d9338f037237,M,1985,742,738,1.005420054200542
80cad0ec-dad1-4a65-93f9-98b1148f93fc,M,2000,332,557,0.5960502692998204
80d02f67-2ad1-47ed-8ebb-bd73ec24ce14,M,1973,1252,1793,0.6982710540992749
80d2c11e-2a8d-4557-afdc-cf5c17f8d66a,M,2068,153,248,0.6169354838709677
80d5c25b-d29c-4725-8fd2-a973b770f847,M,1963,711,1169,0.6082121471343028
80d7eb7f-d266-468c-9bd1-b3e4aa4fb01b,M,1974,150,266,0.5639097744360902
80f438f4-21ed-4b41-8b2a-0918b25f7842,F,1983,395,685,0.5766423357664233
810e205d-4e6c-4473-a5c4-a8b7568da315,M,1969,646,1236,0.5226537216828478
8161b36a-d1f8-45f1-99e3-370771e797a0,M,1995,789,1452,0.5433884297520661
81624967-7256-452f-b0b9-97c7cb0fc94c,M,1976,837,1142,0.7329246935201401
816b5981-6458-4bdb-9eb5-28bb23c3ed75,M,1999,309,484,0.6384297520661157
81a004a1-c173-4005-81aa-b1eaed3d0575,M,1969,456,440,1.0363636363636364
81b8b2d5-b485-4649-bbb4-5c301bec69f1,M,2000,1018,1628,0.6253071253071253
81c88d78-bc68-40c3-9d5b-2b554ede1789,M,1976,1365,2551,0.5350842806742454
824d1d55-a902-41a9-84aa-2415082244d9,M,1957,188,346,0.5433526011560693
826e4540-bad4-475b-87c1-b8f23f3cc8fc,M,1988,185,251,0.7370517928286853
8281a079-f0e2-47ca-b4b0-87af8ba73b6b,M,1992,993,1165,0.8523605150214593
82ddd5e9-eda7-4d56-b892-037385df5054,M,1973,503,932,0.5396995708154506
8343d0a4-7254-48d3-9666-c1e39be0e0d2,M,1971,2051,2504,0.8190894568690096
83aa2e2f-88af-4607-b505-15e4e7bdfbe3,M,1980,518,750,0.6906666666666667
83ae3ba0-e721-4195-99a9-5a3a6a311bb4,M,1953,160,217,0.7373271889400922
8409fa88-0211-4185-a62a-691536480d30,M,1972,566,1085,0.5216589861751152
8426e48a-effc-486c-89c9-1fbf9c9fc731,M,1963,676,845,0.8
8456c057-5591-4c59-9e03-a1587c09e05a,M,1980,3135,3375,0.9288888888888888
847d8ff4-567c-4241-97bf-b00dc604b89c,M,1980,1472,2692,0.5468053491827637
84b23ffe-8611-4e55-ad2c-333c96251a26,M,1973,549,853,0.6436107854630715
84b6b883-09c4-4bf6-8d7b-7285ffa559ab,M,1978,1212,1195,1.014225941422594
8519ba17-dd8c-4cbc-a469-1e514063ef3e,M,1972,537,945,0.5682539682539682
85454850-1b91-4912-bd52-23f317ab0e09,M,2060,267,313,0.853035143769968
85f218f2-03c5-4d9d-a6b5-b11ab339dde2,M,1999,254,251,1.0119521912350598
87020647-5bd4-47c3-a37e-ac70042794ba,M,1998,1249,1172,1.0656996587030716
876c7c19-f9ee-44e3-ac65-5e8b88417084,M,1979,755,1304,0.5789877300613497
879f7411-acd6-4d84-bf63-940a1be01d0c,M,1995,369,416,0.8870192307692307
87b0b8b4-b345-40fc-a4e3-0fb055470f98,M,1966,342,487,0.702258726899384
885395be-5931-4870-8d01-e6e971e6b827,M,1991,291,469,0.6204690831556503
8882cf57-bd2a-40d6-bbf4-b705af9c7021,M,1982,130,227,0.5726872246696035
8894c29d-76f8-4a9d-8bb4-8eb9aa0950fe,M,1991,157,209,0.7511961722488039
88f6e5bd-24b5-4188-926e-d08faae36e72,F,2001,372,453,0.8211920529801324
895a4257-6f49-4e99-bec9-0b0ffe538c10,M,1967,633,959,0.6600625651720542
8961a2d1-24de-4e66-8307-e5794c31707d,M,2056,597,1177,0.5072217502124045
896d6123-27ef-4b70-9b30-4777c94c3c1d,M,1958,311,505,0.6158415841584158
896e1ce2-0a46-4e1f-851c-5855f7deb401,M,1978,279,485,0.5752577319587628
89a2ddd0-4383-46e5-aba2-a8cdd7e34b60,M,1973,242,303,0.7986798679867987
89e8ff1a-5e27-4930-93a1-c051e4511511,M,1986,289,478,0.604602510460251
89ea3753-98ea-48ce-b280-49a5a8cf5961,M,1964,691,1137,0.6077396657871592
8a4414da-95de-43fa-8f52-9258b62a304c,F,1999,170,331,0.513595166163142
8a50e85c-4382-4579-86ba-e95729a3f2f2,M,1992,996,1534,0.6492829204693612
8b2f22e2-b1b9-4388-88d1-954c9a60d49f,M,1982,784,1453,0.5395732966276668
8b4b7660-731d-4782-9588-a2668c25da48,M,2000,201,278,0.7230215827338129
8b714690-4440-4ec4-a736-c17ba4169ca4,M,1994,335,403,0.8312655086848635
8bb020b4-9852-4a0a-8816-ccc240abe698,M,1989,1097,1745,0.6286532951289399
8bfe40af-8f5f-4987-ae42-819cd4c7a76f,M,1990,701,823,0.8517618469015796
8c2a4c0c-1612-466f-a1e5-6c582c9e1f9c,M,1968,958,1738,0.5512082853855006
8c59d68e-5f2f-42eb-a057-b21311abfaf3,M,1968,257,507,0.5069033530571992
8c952a03-7c15-4596-97e5-83698b7dd65b,M,1988,232,289,0.8027681660899654
8d23b0cf-47ab-4bc5-8035-2cc7f1977524,M,1975,177,280,0.6321428571428571
8d2d399e-b3db-476f-88c9-b80b587f769f,M,1978,334,315,1.0603174603174603
8d6d6e2c-5518-463d-9b6b-1a076c9fcbec,M,2002,711,754,0.9429708222811672
8dbc4862-f002-4956-a439-fedb55db8987,M,1976,210,345,0.6086956521739131
8dcc998c-09a3-4496-9872-a8d1390cc191,M,2000,711,829,0.8576598311218335
8df1cf5b-b4b3-4a8e-9f05-c6d008ecee5f,M,2000,125,218,0.573394495412844
8dfe7f56-c1f7-44d6-9039-1d2308251048,M,1977,241,436,0.5527522935779816
8e128617-2bba-47d5-b262-1f16e65c1aa6,M,1991,423,658,0.6428571428571429
8e413ae1-ac34-4dfb-bb11-ff89c8d478df,M,1981,461,769,0.599479843953186
8e681a54-cfe1-4c0a-8c1b-7ebd2aa3bd4f,M,1981,331,460,0.7195652173913043
8eb31f0b-34b8-42e4-9787-4c0c9cff56b4,M,1990,208,389,0.5347043701799485
8ed56b68-29a6-4805-a1b4-817db6a652a6,M,1974,349,343,1.0174927113702623
8edb838c-5218-4abe-bbe0-025eb2affea5,M,1979,137,208,0.6586538461538461
8ee5815d-e216-4b3e-9161-0746f122a118,M,2000,197,358,0.5502793296089385
8f4ea470-24bb-4a2a-99f2-bdf4522b6daf,M,1967,191,310,0.6161290322580645
8ffa3f50-c8ad-433b-9cee-25afb32c8fd7,M,1970,552,1061,0.5202639019792649
8fffbc77-a643-417d-b525-64ae8491f66a,M,1974,1517,1713,0.8855808523058961
90835ddc-31ef-4a38-921a-17a8abbbfdeb,M,2074,473,859,0.5506402793946449
90d12a11-5bac-4246-9013-54d412646917,M,1986,299,538,0.5557620817843866
91357f87-7a11-4d10-85d1-f3e451e657be,M,1965,125,221,0.5656108597285068
915bbe0f-2246-499a-972e-59787cb0640e,M,1975,282,362,0.7790055248618785
9192d8d0-a67c-48c7-94c9-ecd048571150,M,1985,295,504,0.5853174603174603
91ea6cb3-a75f-4aa6-aaed-9b4c57a9f2bf,M,2058,1770,3284,0.5389768574908648
9206a6b0-f76b-4d35-b414-1f85ce124b54,M,1996,345,564,0.6117021276595744
9234b8a5-a59e-4d43-8ac9-566f30a71f16,M,2016,323,634,0.5094637223974764
924b7c31-1723-453f-9110-42077202364a,M,1978,169,292,0.5787671232876712
9278cd7d-33c1-405d-a044-0afa24ff43af,M,1988,1022,1448,0.7058011049723757
92841203-0f25-46cd-b109-f136688c2cb2,M,1972,396,540,0.7333333333333333
92bba4c9-7544-422a-80a3-6d709f7096f4,M,1970,893,1590,0.5616352201257861
93599c47-b5f5-482c-af7d-cbb0bb05345e,M,1972,271,448,0.6049107142857143
939e635b-4fb4-4c92-a005-b03d431f481e,M,1978,160,271,0.5904059040590406
93eafaf5-e94e-4079-a7cc-c60a734778db,M,1981,684,654,1.0458715596330277
9411f7ca-a3bf-4cb3-a669-4f9612d37e21,M,1986,906,1499,0.6044029352901935
943caf43-3827-4945-a793-815268c67614,M,1990,374,468,0.7991452991452992
94e3092f-3ed2-4a66-868c-0a4603a2fc69,M,1993,278,539,0.5157699443413729
9507d271-9aa6-4ea8-b99f-e1ecafc6c7fd,M,1997,561,735,0.763265306122449
9524c2b5-98af-4b15-b3d5-cb9ffe95a4b9,M,1977,2410,2192,1.0994525547445255
952e133f-c5e6-45a7-8940-2c3406b309f5,M,1999,354,575,0.6156521739130435
953c473c-020f-4f02-a8a8-9b48eb3411fa,M,1979,233,338,0.6893491124260355
9545778b-c44a-44e4-b947-70d52c5d25de,M,2084,607,929,0.6533907427341227
95554583-ec30-4eea-8d0f-2d37717cdbea,M,1947,141,217,0.6497695852534562
95582f41-bde4-4bf7-8966-4d655b77adab,M,1962,101,192,0.5260416666666666
95697e3d-efbc-45a3-ad25-350901557d23,M,2000,414,490,0.8448979591836735
957d214a-dc0d-4cea-8079-9174dea1b3a6,M,1978,413,487,0.8480492813141683
958c6619-35a7-4fe4-a726-033e365b3004,M,2000,397,675,0.5881481481481482
95b4575b-51b4-4f7c-bdcc-0341d48ae406,M,1995,388,453,0.8565121412803532
95c1b107-a0a6-4fc4-b1dd-48c4c3804420,M,2020,251,345,0.7275362318840579
95c29407-3898-46d9-9399-53ca391d26a5,M,1976,198,261,0.7586206896551724
95d11b90-06e8-4bdb-b65c-c1d5ac20772a,M,1965,367,521,0.7044145873320538
9638a911-9e02-4e15-9f3e-9f2277e24dac,M,1984,598,1098,0.5446265938069217
966da803-67d9-4f9a-9bd9-da7a186f80ad,M,1965,199,305,0.6524590163934426
969381a1-d7c8-439e-ab41-f8c0fd895c6e,M,2064,1313,2073,0.6333815726000965
96a04c35-f67f-46d5-9902-42db9920953e,M,1968,134,238,0.5630252100840336
96b76217-521a-40c0-9ef1-1af1887476f7,M,1980,893,1451,0.6154376292212267
96ee8f39-8b3a-42c4-9991-23294396d373,M,1990,504,737,0.683853459972863
96f2954d-7515-4bc3-819f-2bc7f82ecd60,M,1969,1901,2552,0.7449059561128527
9714b81c-e32d-4bb6-bf13-79653f87de60,M,1960,2715,3237,0.8387395736793327
97182883-bedb-4b27-8a70-63ed22d28e87,M,1977,296,451,0.656319290465632
97debc77-9d4c-4ac4-944c-26d890d57387,M,1973,142,268,0.5298507462686567
982a84ce-6167-4ab9-8d52-f894882cbc78,M,1994,319,566,0.5636042402826855
98571051-ab75-4f83-b9f4-df0ee9ef81a1,M,1992,337,630,0.5349206349206349
9866ae03-6a1c-414a-929c-5ba8fa00abed,M,1977,796,1423,0.5593815881939564
98ea1aea-0b4a-4824-af47-55e647662459,M,2018,225,325,0.6923076923076923
998fc40e-91e1-4acb-9ddb-7952e60099f4,M,1965,1520,2233,0.6806986117330945
9a6b4034-e171-411c-8887-6d710bd8f7e0,M,1973,572,1082,0.5286506469500925
9abb1be0-0f37-4014-ba36-a95568f2b105,M,2000,1220,1828,0.6673960612691466
9aca9bef-e308-4db8-b072-78dbf385261e,M,2088,1023,1997,0.5122684026039058
9b14f571-9f8f-43fa-af34-6528898e6701,M,1996,404,804,0.5024875621890548
9b7b4e95-1ffb-4bc8-9a53-59c5c98904c2,M,1980,591,925,0.6389189189189189
9bc42e39-1a72-461b-984c-e09f7566e966,M,1979,407,763,0.5334207077326344
9bd92800-26c4-40a0-b5de-0be18015ed65,M,1989,775,1200,0.6458333333333334
9bea6bce-9571-48fb-b5be-5a2d036b72ab,M,1978,395,530,0.7452830188679245
9c5e2c7f-aae5-454a-8bc5-eb42282ea0ef,M,1980,892,1681,0.5306365258774539
9c8b501b-0514-47ee-a443-78ec5ec001ef,M,1981,851,1643,0.5179549604382228
9ca8f749-18ee-4c16-8635-7bfd45094f67,M,1977,517,542,0.9538745387453874
9d43fe60-9646-4aa0-9753-1634f5cf94c6,M,2071,745,1363,0.5465884079236977
9d4c3663-0e89-436d-9fa6-9ff1c4a306d0,M,1971,293,487,0.6016427104722792
9d793d01-2551-451d-941d-5f3fbdf31340,M,1976,241,463,0.5205183585313174
9d92d726-9932-4a62-80b4-a8afdf1629f0,M,1972,322,467,0.6895074946466809
9da6dda1-46ed-4e87-9012-3b2cf4b11991,M,1963,471,886,0.5316027088036117
9daeec71-34a5-4390-b77e-8560c9e2c145,M,1996,286,373,0.7667560321715817
9db32304-e7ca-4639-958d-055b8fffee2d,M,1969,347,391,0.887468030690537
9dc3f07e-8223-467c-9b02-9c7067ee4b83,M,1988,311,449,0.6926503340757239
9dd30d17-ea75-411e-b42a-15d20b2ffb1a,M,1977,383,648,0.5910493827160493
9e0ec077-d27d-44e9-a3fb-1d68cc7c76f0,M,1983,303,341,0.8885630498533724
9ebe9664-e2d1-437c-96bf-09b1dba032b9,M,2098,753,1410,0.5340425531914894
9ee81290-fe8e-411d-9bc9-dd0db60530cf,M,1975,204,386,0.5284974093264249
9ef13d2b-151a-4d39-9ded-70d5a71f3f92,M,1985,161,296,0.543918918918919
9f1a806f-f558-4ace-902f-1ebd1a043a9c,M,1970,236,257,0.9182879377431906
9f5fc12b-6b0b-4900-ad1d-ba6238f4066d,M,1972,182,214,0.8504672897196262
9fa30eb2-d6bc-4679-a7cb-6c4f54dd6e4b,M,1985,886,1401,0.6324054246966453
9fdb8583-aab1-4d20-911f-d3490ab7b014,M,1975,528,797,0.6624843161856964
a00576d4-2973-4f6c-abeb-395bdb0731f5,M,1989,342,648,0.5277777777777778
a0340919-a0b7-4993-9fef-675a275370fa,M,1952,209,391,0.5345268542199488
a03a2a67-3af3-43be-ae5a-7b5b60575797,M,1993,351,686,0.5116618075801749
a0631b3a-c8cb-4e7f-949e-d102c65c852f,F,1997,1562,2184,0.7152014652014652
a07285c1-d9a9-427a-ab33-17de94b54d8b,M,1989,578,926,0.6241900647948164
a0819d65-04c8-4a86-9f90-ace81e49769e,M,1974,690,1172,0.5887372013651877
a09c9e78-a259-43c6-b62d-54f19f4ab62c,M,1977,116,225,0.5155555555555555
a0b7c467-3884-4f40-9c65-65ead3d2b3e2,M,1964,861,1105,0.779185520361991
a0d77ea1-d0e9-4de4-ae31-82092940dd36,M,2082,1941,2294,0.8461203138622494
a0eba165-f6fe-4a21-928a-f667bf9bbfc6,M,1960,238,221,1.0769230769230769
a1b0ba71-e335-4fd9-8f9a-cc7b5a951ab9,M,1971,637,763,0.8348623853211009
a1c8b721-1490-4b9f-8bae-65694e85a1ff,M,1965,921,1696,0.5430424528301887
a253a8cc-94ae-4a09-a4a2-0cdf538abc45,M,1953,519,876,0.5924657534246576
a261fff9-a6c6-46a6-ba88-969773bc80dd,M,1970,250,438,0.5707762557077626
a27e623e-25fb-436a-a846-698d945b59d4,M,1974,396,728,0.5439560439560439
a2cfe223-381d-4b45-8db7-cbe97ea2cbef,M,1993,309,511,0.6046966731898239
a2e6d87a-a56d-448c-9857-bb3dd8e22794,M,1989,161,183,0.8797814207650273
a33f8ce1-d8af-45b8-85f3-d4e3d8aea31c,M,2000,360,349,1.0315186246418335
a3a67e0c-1c41-492b-a214-a0a2b2a09610,M,1965,618,933,0.662379421221865
a3cccabe-10be-42b4-b4b6-f0267f82501d,M,1981,255,300,0.85
a3ecac09-084b-41e2-afd9-c4e7a9089c28,M,1975,334,407,0.8206388206388207
a4060fa3-2cf8-4e0b-8bb0-d18314a1f0a8,M,1986,132,189,0.6984126984126984
a439a058-78b7-4d87-b0b0-321500e432bc,M,2073,1502,1514,0.9920739762219286
a4504a83-8dbf-4dd9-9ea2-306137d354d8,M,1979,237,467,0.5074946466809421
a4d7e17e-e9a2-4912-9500-9756fa697628,M,1994,152,274,0.5547445255474452
a5490ed9-2099-4869-b76e-676dd60ab5e4,M,1986,1015,1718,0.5908032596041909
a5b5a099-0fe1-4bfd-97c3-5ce2bce9da3d,M,1984,745,1488,0.5006720430107527
a5c42d30-70b6-476a-9dbf-6b011c7446b7,M,1971,263,444,0.5923423423423423
a5ec7cd5-c4c7-47b1-a08a-141a25c9b8f4,M,1984,709,1127,0.6291038154392191
a620714e-de63-41a3-aa6f-7b78e41d61f4,M,1971,125,226,0.5530973451327433
a6446914-28d5-49e4-b08a-0aa6a789c2f1,M,1986,1088,1224,0.8888888888888888
a6525aac-5eee-43ba-8c4d-1f04da8e09e7,M,1975,1908,2766,0.6898047722342733
a66dcbe4-d3b3-40a1-b23c-f76c5ecb4725,M,2076,522,782,0.6675191815856778
a6dc7973-987c-4b84-8af6-d71c09dc3f83,M,1993,533,740,0.7202702702702702
a792e62d-e9d4-445f-a8f6-78511669375c,M,1975,167,233,0.7167381974248928
a7c31a68-150a-4fc0-93cf-6a2e9e4b8493,M,1989,239,435,0.5494252873563218
a816715a-2530-41cd-a3a9-1372ef419884,M,1964,464,846,0.5484633569739953
a821722d-e07d-4cfc-bcfb-fa35438b72a0,M,1964,904,1658,0.5452352231604343
a865af86-3e48-4348-a710-b325da6225d0,M,1977,223,368,0.6059782608695652
a8790208-12f0-45f4-a4c1-eb022e55ee4b,M,1975,347,563,0.6163410301953819
a94ca224-7067-4b71-bf44-a616b04a9fa0,M,1947,879,1394,0.6305595408895266
a962a8c0-abb2-4b86-af16-a0918d42b393,M,1979,230,441,0.5215419501133787
a9d1148c-711b-438f-b188-2b55b2ae3dcc,M,1976,520,529,0.9829867674858224
a9dad8a3-b199-4318-936b-0b39c118e44c,M,1974,211,380,0.5552631578947368
a9edc025-0e5d-4c18-935c-a77e1f29ec95,M,1969,1814,2027,0.8949185989146522
aa5165ba-5072-4b77-86c5-5c00284e3b53,M,2000,679,1071,0.6339869281045751
aa6dbd8c-b8a9-4f06-869e-501a29f46e1c,M,1983,360,563,0.6394316163410302
aa9bc887-3567-44a4-ad88-e168c6091901,M,1979,305,416,0.7331730769230769
aad1daba-01b3-472c-a1b4-e62392e1567d,M,1979,1422,1623,0.8761552680221811
aaf8b508-6923-4385-b236-0bf46b24b15f,M,1980,930,1855,0.5013477088948787
ab01efb5-9a79-477d-9da0-2b984ef50523,M,1993,575,1116,0.5152329749103942
ab1e3ceb-6301-4533-ab3a-8ae6d3082aee,M,1987,195,378,0.5158730158730159
ab43baa9-f953-499b-bb7f-1c971f363d20,M,1977,1008,1839,0.5481239804241436
ab4fd78c-8437-4890-b22b-0ecd6d3da507,M,1972,1006,1162,0.8657487091222031
ab6df498-7fbb-4399-b710-9b056e5e5f37,M,1995,1712,3308,0.5175332527206772
abae564d-bc1a-4209-b35e-e8d68a96e443,M,1971,301,547,0.5502742230347349
abb2b619-9c26-4cc3-83bc-9575a62450f5,M,1985,1158,1170,0.9897435897435898
abd1f34d-16b2-4781-9310-0d0d1d11ce60,M,1989,410,667,0.6146926536731634
ac020c34-4f25-4684-83e8-edd9fc9a21f0,M,1961,746,1476,0.505420054200542
ac398fa9-97d1-4273-9998-29c2f715d2fd,M,1993,1410,2212,0.6374321880650995
ac4ec125-80f7-4a26-8867-fe7c470c8832,M,1987,412,485,0.8494845360824742
ac55765c-342b-4807-80d9-20416d53b772,M,1973,439,688,0.6380813953488372
ac65a49a-e690-49f2-a493-c1408ed59061,M,1960,417,654,0.6376146788990825
aca13a5b-59d6-4a23-baa7-8808b16e08f5,M,2066,347,553,0.6274864376130199
aca7d6d1-774b-4f04-9303-24e493f60059,M,1983,1139,1937,0.588022715539494
acd66fb1-e8e9-4a83-8269-939b54852397,M,1989,115,207,0.5555555555555556
adb04c05-ec2b-4dca-bac2-3e7143a7b37a,M,1982,429,403,1.064516129032258
adb6166a-1824-40cd-97b0-79f0e60a2bfe,M,1987,503,641,0.7847113884555382
adf59a21-8a4c-4524-bea4-a50f25501676,M,2073,1482,1469,1.008849557522124
ae16be60-3393-4269-840f-97482dcfa5d6,M,1988,258,303,0.8514851485148515
ae5d7e37-3f22-4a65-8b4d-1c7884c1c7c2,M,1984,994,1349,0.7368421052631579
ae7ce905-6f3f-4438-8749-44ae65ca8137,M,1947,498,788,0.631979695431472
ae9187d3-2f92-4672-82a2-f9247b5afece,M,1976,213,363,0.5867768595041323
aedec212-6033-4eb1-aded-77bb25188692,M,1966,1169,2029,0.5761458846722524
af1eb9d5-902c-49e6-840e-a1ffce97d797,M,1986,299,508,0.5885826771653543
af3fd19f-8e33-42ad-95e9-16f069d6e807,M,1971,232,298,0.7785234899328859
af459dbd-3be6-4e02-9abd-5e291e46b567,M,1995,601,924,0.6504329004329005
af947396-c03c-4e82-8ea8-21eee096d3e2,M,1978,137,240,0.5708333333333333
afaf9967-adcd-4e9b-b117-55ca7057c0df,F,1995,846,1567,0.5398851308232291
afd0fb8a-dec3-4522-98b4-71d17fe4c4e5,M,1998,667,816,0.8174019607843137
afe33603-a865-4b0f-a45f-ed161c9af34b,M,0,246,487,0.5051334702258727
b0182df8-3a11-43ec-ac85-4e80037958eb,M,1973,492,750,0.656
b02ffb08-ec17-4e02-878e-71f03d87e763,M,2044,2267,3711,0.6108865534896254
b035580e-f6ac-43da-bdf1-cdcd94be699a,M,2000,532,673,0.7904903417533432
b04578c5-d91f-4760-b2f2-d17cab0da031,M,2072,783,966,0.8105590062111802
b057ab2b-5873-4e17-8993-4384eef73459,M,1974,1716,2372,0.7234401349072512
b08c112e-b63f-4552-af94-d702d0f962a7,M,2003,332,358,0.9273743016759776
b09e6b65-07a7-4fde-9a38-0da811c71569,M,1972,941,1362,0.6908957415565345
b0a37acc-71bf-4a35-9b2e-b2361fd5330e,M,2000,272,393,0.6921119592875318
b0c21902-bc80-4767-8ca0-a7a337ad6fe2,M,2005,280,347,0.8069164265129684
b12abc91-0625-43e4-b46d-970ca9736289,M,1967,1142,1176,0.9710884353741496
b16498ad-36e8-41a0-b597-88ecf57685a8,M,1971,732,1150,0.6365217391304347
b1c194e1-e0fc-49c2-b6bd-baa5a1e0db57,M,1973,434,762,0.5695538057742782
b1d6eae4-28b5-4e85-bb94-b7bd9db27405,M,2000,275,367,0.7493188010899182
b1d74472-3094-40b1-a74b-aaf5458d54de,M,1981,1174,1718,0.6833527357392316
b1ee5eae-34d1-4f54-8a05-7c758ec006f4,M,1977,323,591,0.5465313028764806
b209285a-5063-40cf-ac7e-d5125cdc43db,M,1977,519,787,0.6594663278271918
b26cb68c-f184-493b-968b-775526c4ed91,M,1984,605,963,0.6282450674974039
b2b04f90-d69d-40a3-b556-42e1517713c2,M,1971,380,718,0.5292479108635098
b2b4ec2a-5acd-43dc-8ae0-f90c28959833,M,1986,248,439,0.5649202733485194
b2f99558-1885-413e-99c6-8dc623e5a5b9,M,2058,395,450,0.8777777777777778
b2fb57d7-e603-4bb9-81db-617780651c25,M,1996,249,339,0.7345132743362832
b2fbcd3c-bb74-4091-ac53-b25abe97fd95,M,1985,574,937,0.6125933831376734
b327a936-34c7-4fe4-9cfc-92a34005ea47,M,1978,567,842,0.6733966745843231
b33426a2-a394-493a-b759-446d46f56382,M,2086,237,452,0.5243362831858407
b3638238-c2d6-4621-923d-f504546ed3f9,M,1953,772,1093,0.7063129002744739
b368fba2-fcf6-406b-bfaf-4ab6d9ed4ef7,M,2067,287,461,0.6225596529284165
b3d7283f-f538-43c2-a0ff-7e1e454b01bb,M,1982,263,373,0.7050938337801609
b4554c22-53e2-4051-927c-c0d5a09985ed,M,2085,580,699,0.8297567954220315
b46f7e5c-1a35-4f2a-8e69-042cf626e9d6,M,1985,223,433,0.5150115473441108
b480fc4a-770d-499c-bf64-7b533100136a,M,2066,374,500,0.748
b4a1f518-e4f5-489c-9230-557fd36130ec,M,1971,241,421,0.5724465558194775
b4a595a3-1789-45a4-a049-5c3f26a1dff7,M,1975,629,655,0.9603053435114504
b4c710f0-2ec2-4827-b5ed-f778c556efc5,M,1979,340,597,0.5695142378559463
b4cf4566-7df1-43c3-92f8-e2b7a740dc88,M,1974,394,628,0.6273885350318471
b4f04a1b-f947-428f-acc7-60745dde9a7a,M,1980,395,777,0.5083655083655083
b50dc23a-bbcf-4051-ab7d-b9606d116194,M,1979,196,296,0.6621621621621622
b512f054-ba75-452a-b058-3f1e4530b568,M,1977,810,922,0.8785249457700651
b51b7995-2e07-47ed-9fec-4dbf6ec37ac7,M,1995,168,193,0.8704663212435233
b5648b24-4e29-4e86-9857-aaa44801b7b4,M,2000,849,1199,0.7080900750625522
b5fe6ba0-2355-43f5-9f9f-0324cbbb2e88,M,1995,476,738,0.6449864498644986
b6461ded-13f5-43c5-931c-39630a0884d0,M,1967,1056,1722,0.6132404181184669
b661ba2a-7836-42bd-927f-a227859bc53a,M,1976,399,724,0.5511049723756906
b6702390-5606-4f49-87f0-7c262e3ff93c,M,1991,401,496,0.8084677419354839
b679d6e7-ff74-4c67-933c-db538952dd96,M,1980,118,199,0.592964824120603
b679e326-20ce-4e98-95f6-90fdbac0c8af,M,2000,293,329,0.8905775075987842
b6b34026-5673-4a0a-bd4f-f9d3976da8df,M,1988,356,521,0.6833013435700576
b6efe005-62bd-46af-b3e7-0bb886efe6da,M,1965,1509,1816,0.8309471365638766
b6f07c25-3635-4a6e-b07b-a950564d845f,M,1974,559,843,0.6631079478054567
b7470512-d12a-40ac-b775-df09256ff7b7,M,1973,1275,1523,0.8371634931057124
b7536493-4179-4b14-97cd-13278bd92d2a,M,1979,998,1509,0.6613651424784626
b79c1384-19dd-4fa9-a6b6-91258650e24d,M,1987,1488,1614,0.9219330855018588
b7e35664-cb29-4f15-a126-646f02adc957,M,1998,168,240,0.7
b7f11f48-811f-4605-939f-ad6a936d4369,M,2001,1142,1454,0.7854195323246217
b835e58e-84ac-4e76-a390-0e7bde2f9401,M,1980,747,866,0.8625866050808314
b8860494-ea4f-42d3-bd4b-5387a2d9b853,M,1961,169,251,0.6733067729083665
b892fe3c-08fe-4cdd-a757-dc2019f5d3c6,M,1993,226,290,0.7793103448275862
b8c58091-7dc9-44bd-9be8-91be218d02f9,M,1974,410,817,0.5018359853121175
b8df10d5-da9a-4991-90e5-930838c9599c,M,1981,694,1073,0.646784715750233
b8e8499e-72c1-4a6d-8eb2-c8ad1a098d28,M,1978,188,301,0.6245847176079734
b919d202-2983-41b5-a269-1386bbd435fc,M,1963,119,184,0.6467391304347826
b9219990-6052-4583-931b-48fbe2676a34,M,1980,293,474,0.6181434599156118
b93b73a5-fdbc-46dc-af9e-f997969376c0,M,1993,495,928,0.5334051724137931
b965e142-03a8-48b9-aff8-a25d1e8b4093,M,1975,1502,2793,0.5377730039384174
b96c0e2f-5031-4a40-9230-4a3615689bf5,M,2080,1680,2748,0.611353711790393
b97a689c-067e-420c-8a84-cc312bfd25fc,M,1996,209,211,0.990521327014218
b9a1d1e3-908f-4b56-803b-daae66a24ed6,M,1978,588,961,0.6118626430801248
b9a3a090-725f-45ee-b150-cee3432ff081,M,1971,196,364,0.5384615384615384
ba045efb-23f4-45dd-8021-f8dfcc60c52f,M,1964,2924,3820,0.7654450261780105
ba06e9c0-7255-49be-9d1a-2a62538d04ac,M,1974,1637,1899,0.8620326487625066
ba407348-2485-4d61-9994-1ea549730b7b,M,1995,223,357,0.6246498599439776
bab16a0e-1045-4b4a-8607-17f4fc8b6514,M,1991,198,383,0.5169712793733682
bb157193-46e9-49f6-a14f-4ce2fbf3cbb3,M,1977,1636,2054,0.7964946445959105
bb530080-8b10-4370-9b53-e6ac59999eea,M,1999,248,398,0.6231155778894473
bb73596d-4894-4ef7-b871-b96fe5137f52,M,1992,359,537,0.6685288640595903
bb89ea8d-5404-4283-8897-85524c938cfc,M,1985,197,218,0.9036697247706422
bb9e4389-816d-4b5a-bea0-f2ec8136f692,M,1980,616,836,0.7368421052631579
bbdff954-f5dd-483a-a283-0a0fa1ba5aa0,M,1970,1639,2787,0.5880875493362038
bbe0ed50-6140-447f-952f-2e490d2eba1c,M,1976,1011,1459,0.6929403701165182
bc1b5e15-9057-4393-bab1-477d9aaa73f8,M,1980,862,1277,0.6750195771339076
bce0f962-41e6-4d36-a5f0-e12f6474ea71,M,1986,821,884,0.9287330316742082
bcf7da24-5c1b-4793-85c5-306f00878d2a,M,2000,203,322,0.6304347826086957
bd52303c-75d9-4532-9cdb-e2344ef507bc,M,2054,309,402,0.7686567164179104
bd59c5cc-d411-4768-8ffe-97e97bb2147d,M,1997,202,194,1.041237113402062
bd5f32df-d7e6-4e4f-8cbe-e1b1499adc8e,M,1993,392,450,0.8711111111111111
bd78b0da-f479-49c1-afd8-5800aa89a9d8,M,1977,137,216,0.6342592592592593
bd7967eb-c49a-4307-b9c0-44b6934455ae,M,1969,452,694,0.6512968299711815
bdaa2e96-c1de-4716-a43d-a3730d14de88,M,1990,788,790,0.9974683544303796
bdabf93a-969e-4426-981a-3b8bbd603b11,M,1997,181,205,0.8829268292682927
be22c76f-3772-4277-b2f5-ecb8aed313fa,M,1974,347,450,0.7711111111111111
be3b662e-6fda-4c4f-85f8-812a364657f7,M,1996,472,519,0.9094412331406552
be707a96-f6d5-4c92-8f95-ad3e8d1dab24,M,1983,349,504,0.6924603174603174
be77de67-5764-48d8-902b-3401b51d237e,M,1979,611,1116,0.5474910394265233
be9c1da8-2186-407d-b531-4292ad46062a,M,1967,289,484,0.5971074380165289
bf112bad-2d34-4ff4-be9c-b7b2129f5a39,M,1955,670,1236,0.5420711974110033
bf5607eb-dc60-4ec8-9392-237ad6cfae74,M,2000,305,553,0.5515370705244123
bf69e4f3-9965-4a65-a9e5-94c3457c2d1e,M,1982,1277,1443,0.884961884961885
bfd105aa-9c0b-4d56-b35e-a5267a751564,M,1971,547,857,0.6382730455075846
bfeccf85-42b7-4f8e-8207-9c4f61533ac1,M,1976,736,1128,0.6524822695035462
c03866ad-dd4e-4c69-87fe-ed3820732844,M,1972,253,483,0.5238095238095238
c05c0f60-8a39-4e30-acd3-507a1cf70d2d,M,2001,957,1786,0.5358342665173572
c05e83f6-0574-4c35-a549-a44bdc1fee98,M,1978,372,472,0.788135593220339
c0a83b2a-dfa7-4af8-98fd-2ccb2fde8f4c,M,1980,222,408,0.5441176470588235
c0decac6-f2ba-454e-b25d-496d5a68b6b4,M,2071,1652,1986,0.8318227593152064
c0e25a8d-6768-4b25-989b-facce4a62f55,M,1987,530,829,0.6393244873341375
c11aed3d-11f7-496f-940e-8b93a1c18ead,M,2000,1055,1198,0.8806343906510852
c13dd1a2-573f-40ba-a7f1-f0a55677b061,M,1981,416,685,0.6072992700729927
c15072c5-6cd6-4bd9-bde1-50a848f05dc8,M,1960,262,300,0.8733333333333333
c1a8b6f8-2960-44e1-aecb-93f7593e02ac,M,1978,548,765,0.7163398692810458
c1c40850-8fed-481a-9274-e4c71aca3b8e,M,1976,799,1570,0.5089171974522293
c24e7b05-f7c8-4946-bf4c-0d106333c367,M,1974,800,1194,0.6700167504187605
c29930c6-9cb2-40fc-8fbb-772ef25f78e7,M,1981,2611,4143,0.6302196475983587
c2b16c2e-f96a-4530-9c32-ba8a5a2b9580,M,1965,1295,1903,0.6805044666316342
c35f741a-fbd5-4596-a4a9-0762046dd3f9,M,2072,229,447,0.5123042505592841
c389bff2-b87f-4126-9f2e-7665bdf72c88,M,1990,665,866,0.7678983833718245
c3964567-e681-4937-85cb-41eeb79f855d,M,1985,423,784,0.5395408163265306
c3c14361-3f93-4413-8da6-1e017b0b5393,M,1979,543,755,0.7192052980132451
c42f666c-d1da-4f7e-a491-368f8d6c4ebd,M,1959,2298,3354,0.6851520572450805
c440482c-5988-4b7a-9086-1f2dce9945d9,M,1982,153,289,0.5294117647058824
c4be8a62-1043-4d11-9974-da8e6c54d3c2,M,1962,106,193,0.5492227979274611
c5302ad9-dd0d-4307-a1dd-25489c3da0e7,M,1981,529,1055,0.5014218009478673
c5a4761c-4057-4e37-bd8b-fb4db8928db0,M,1983,268,345,0.7768115942028986
c5b31e47-0ee3-4a99-8d4a-e5a3851d9978,M,1972,921,1256,0.73328025477707
c5d16b93-3551-4578-b3c2-9c403d486d2d,M,1978,799,1205,0.6630705394190871
c607f385-e3c3-441a-976d-59fc32da7336,M,1980,813,853,0.9531066822977726
c611ee0d-6a67-40f2-8d40-523c47ec3abe,M,1976,139,192,0.7239583333333334
c643eb85-8be8-418a-a958-19ba4de10f0a,M,2000,249,481,0.5176715176715176
c683c679-fba2-40b2-8311-b26c6362efc2,M,1972,1172,2138,0.5481758652946679
c6b090e4-9a94-4b48-a052-a0cffd39279b,M,1990,219,376,0.5824468085106383
c72eabe6-a0b8-45ab-a189-e322104c9f5b,M,1967,430,857,0.5017502917152858
c72f3861-ab20-4199-a583-f4d4eb7bcf87,M,1989,138,259,0.5328185328185329
c7a084e5-9693-4f96-ae4b-d9ab25f69d90,M,1990,874,1141,0.7659947414548641
c8555d62-6a94-428c-a8de-bcc3b9725f45,M,1972,1101,1406,0.783072546230441
c86a124b-73d9-4f98-aa49-70263502309a,M,1994,367,451,0.8137472283813747
c87ad85c-c55c-4a95-8171-e5d78a9a92fb,M,1985,1965,1960,1.0025510204081634
c8e4e78f-09ed-491d-acd8-b189b4d4759f,M,2000,519,577,0.8994800693240901
c8f88cbb-9013-4ee3-af7a-6ba6c25aae4c,M,1964,108,211,0.5118483412322274
c8fba4fb-0866-4d1e-823d-c193ef0baa4e,M,1979,331,453,0.7306843267108167
c97e7acc-44b8-4c73-9961-5e1816fb9717,M,1983,161,256,0.62890625
c99cb213-fa05-4bbd-8564-fac04e46cc5b,M,1961,1956,3258,0.6003683241252302
c9e0fd0d-5f35-42c4-9fa3-5a1efe1a5829,M,1985,359,689,0.521044992743106
ca72fa89-3b88-48ef-aba7-34fd8b015862,M,1988,660,1109,0.5951307484220018
ca928213-1010-4f58-92a1-926d4f3145a3,M,1969,203,236,0.8601694915254238
ca92df39-3d56-4a64-9684-0aae71679b28,M,1969,263,518,0.5077220077220077
cae68ab0-22ff-451f-aa5b-6c9d06ef57ff,M,1998,971,1271,0.7639653815892997
caef900a-f5e4-420b-bb45-01bd310b4bd8,F,1987,594,803,0.7397260273972602
cb86c46b-cadf-4404-9fa5-34fba1aca118,M,1962,105,197,0.5329949238578681
cc2b35ae-67ea-410d-8b68-85571eaf2869,M,1959,179,339,0.528023598820059
ccbbca41-ba60-4ab2-8444-8cb5c69c204c,M,1976,268,273,0.9816849816849816
ccddd230-a79a-44ac-9008-427775df1134,M,1984,252,400,0.63
cceadb97-0902-4369-a467-28bc582ecb5a,M,1987,219,277,0.7906137184115524
cd376bf3-8b7c-453c-aa8c-eb580fd01ace,M,2058,145,198,0.7323232323232324
cd66ac85-e77e-43ca-9598-b3610e50e118,M,1986,127,215,0.5906976744186047
cde6f0d5-b580-4bce-99c5-8cf5ad3aad86,M,1981,219,351,0.6239316239316239
ce043e2d-a873-49cb-a398-c6ce020877df,M,1999,684,963,0.7102803738317757
ce5888ef-e62f-4295-aaa2-1196c201ddbb,M,1989,1147,2088,0.5493295019157088
ce5e0978-e1bb-414b-9257-06413bccf12b,M,1951,914,1743,0.5243832472748136
ce5fd24b-7913-4e2a-8a06-171566089eed,M,1968,208,388,0.5360824742268041
ce72ef9e-14bf-4ea8-aa66-7bfbda7edd4d,M,1984,459,802,0.5723192019950125
ceb38fab-4a3d-45d5-978b-0cca6a5c448c,M,1964,398,664,0.5993975903614458
ceb969d9-c486-4473-9cde-69c2d5f6621f,M,2000,1016,1486,0.6837146702557201
ceff3de5-7a44-4ced-a413-e181225a7281,M,1982,330,387,0.8527131782945736
cf5a0d1e-ec9a-4224-bab7-c78018e6c497,M,2067,560,827,0.6771463119709794
cf70e2a1-ad11-48dd-b836-265fadd0fcc2,M,2058,340,539,0.6307977736549165
cf78cfab-d5fe-498c-a3a8-95158ee3c9ce,M,1995,341,399,0.8546365914786967
cfdac08a-5f08-4327-bcfd-a167883da49d,M,1968,106,208,0.5096153846153846
d0135273-6bad-4a89-8fd0-797e1e3c3c6e,F,1985,328,461,0.7114967462039046
d025216c-2464-4c8a-8195-1b170c65896d,M,1985,198,333,0.5945945945945946
d0544249-8e2e-4940-a1be-e7f23abb8bc8,M,1970,732,1114,0.6570915619389587
d05ddc9e-4825-44d1-8d6c-90e2f70786cb,M,2000,923,959,0.9624608967674662
d062ff0b-53b0-4d7a-9d55-7c63db418f65,M,1982,570,946,0.6025369978858351
d096c44f-a7b7-4549-9931-038d42d62973,M,1994,1614,1954,0.8259979529170931
d0da0c22-e7a0-4943-be05-a7f8b53d2e47,M,1991,275,368,0.7472826086956522
d172bbfe-2370-434c-a7d4-34fd96923f3e,M,1992,133,215,0.6186046511627907
d1ad12c9-86b2-4589-83cb-d944b2440ce5,M,2084,1390,2198,0.632393084622384
d1d0a4ca-2083-48a6-a31d-87e6dfa46ae4,M,1960,639,1118,0.5715563506261181
d1f3a873-579a-4646-9435-08c7f1a53c44,M,1978,884,1658,0.5331724969843185
d214d939-d154-455a-a8df-e5b24cde1e30,M,1977,233,343,0.6793002915451894
d222716f-5ed8-46f9-a35c-ec6b3d9bae67,F,1988,344,387,0.8888888888888888
d222ce85-b6ad-4442-a995-a6feb8a19458,M,1966,266,320,0.83125
d2d044dc-8740-4be4-8ce8-2555e497adb7,M,1975,1539,1532,1.0045691906005223
d2f8bc28-039d-4f21-b112-9a21d51b008c,M,1978,1638,2224,0.7365107913669064
d3773b91-e35c-4ae2-a813-6a36d21f7ed0,M,1978,1054,1849,0.5700378583017848
d3df1283-81f6-49fa-8ca4-9426a6af73d4,M,1978,177,242,0.731404958677686
d3e4c808-a4ca-4cd9-b920-dada1c402698,M,2000,2445,2223,1.0998650472334683
d3e6a05d-3f41-497f-a981-20bd92ad8669,M,1972,1180,1447,0.8154803040774016
d3ffeac9-d053-4cff-95f2-ae9ea2f264b4,M,1994,947,1336,0.7088323353293413
d4adaa41-c07a-412e-9fbf-2f8264e8e119,M,1994,252,319,0.7899686520376176
d50e0aca-d34e-4d23-9fa5-b795ea8d55ec,M,2082,231,275,0.84
d58acbbf-0d70-4518-8105-87c9d8e79e5d,M,1979,151,286,0.527972027972028
d59e8284-a466-4373-84b2-0854103393c3,M,1963,1859,2720,0.6834558823529412
d5b08556-ac8c-43b7-bd28-b37152623424,M,1969,233,285,0.8175438596491228
d5d3f322-a8ac-4505-9412-f4ccf2056432,M,2019,840,838,1.002386634844869
d633b404-3cd3-473b-9dd6-703ad43bc697,M,1996,879,1149,0.7650130548302873
d650625e-d98c-4e79-8a9b-5f93932c017c,M,2000,348,539,0.6456400742115028
d65d973f-29e6-4186-a895-d33dbea9abe2,M,1987,324,572,0.5664335664335665
d6881f40-9735-4ccf-ac2b-6d83e4c62ae9,M,1972,607,1110,0.5468468468468468
d69f82d5-4480-4b58-884d-18dec8d46e71,M,2076,902,1578,0.5716096324461344
d6e28492-5609-4ddb-b7a7-f8af93a86e6a,M,1980,923,1573,0.5867768595041323
d6ec9ab3-31bc-49c5-9825-137d446b6271,M,1981,736,1398,0.5264663805436338
d72f978f-daf4-43e9-85d9-edf0dac06711,M,1964,745,1154,0.645580589254766
d74cff3c-10d1-4b43-ae08-63f115d5fe09,M,1989,330,565,0.584070796460177
d7749b96-3a3d-406b-8525-43a695011e43,M,1981,733,821,0.8928136419001218
d7ad4fb2-bb17-4644-afdd-3bc83b0ea293,M,2000,799,896,0.8917410714285714
d7bcfa20-a1dd-4e5e-9ca8-0246f77fd67a,M,2075,755,1068,0.7069288389513109
d8137be5-996c-44e4-b649-9bbe314743a9,M,1975,297,328,0.9054878048780488
d82f329a-b5d3-4781-9cd8-daf691a81861,M,1986,584,625,0.9344
d8d9a9c1-bb5e-4016-af64-ab4d3ade20d6,M,1957,236,233,1.0128755364806867
d9561e30-73cb-424a-8851-f1370d1ec9f1,M,1968,610,731,0.8344733242134063
d9719ace-968d-4a27-9175-a682826ccf90,M,2002,170,224,0.7589285714285714
d98d7c8c-0306-454e-975d-aa0615f8bbf5,M,1961,722,1259,0.5734710087370929
d9ce1008-7b19-4468-93fd-429dcc22b0cb,M,1998,376,478,0.7866108786610879
d9e4e8a4-2a85-474d-867d-4d5f2517a683,M,1979,1371,1815,0.7553719008264462
d9ed8357-6ef0-4cfa-a820-b31a020e2bb4,M,1973,871,945,0.9216931216931216
d9f889c4-605a-4a41-a441-1dd913601fca,M,1967,380,597,0.6365159128978225
da47d937-51ae-4f8d-93a0-e8460d65f990,F,1989,460,812,0.5665024630541872
da5ed8b3-41b4-40e5-b0e4-5f8c9c3e4409,M,1974,1399,1535,0.911400651465798
da6ab7ad-655c-4e4b-ac95-7af4cdc4b8f8,F,1973,710,741,0.9581646423751689
da732224-f6ea-4ac0-a23c-1dc9f04ed32c,M,1968,222,266,0.8345864661654135
da778a76-ddc6-4954-b62d-2e8d37ec747f,M,2000,732,1175,0.6229787234042553
da838319-b0b5-4f06-a4fd-834325faeed0,M,1982,1556,1983,0.7846696923852748
da9931ce-fea9-45af-881d-eb8151bf7a58,M,1954,261,428,0.6098130841121495
dab50f0e-cfeb-4ccb-aa31-42ca4ae5e97d,M,1978,530,990,0.5353535353535354
dabde884-825f-4257-bce2-feb184be5f4f,M,1978,4505,4409,1.0217736448174188
daf1f9a8-ce3a-42d2-8e58-73fc51c76a86,M,2000,580,1141,0.5083260297984225
dafc8209-0467-4209-8e73-3727fd3254bd,M,1984,227,402,0.5646766169154229
db6724b0-6cd7-4f3b-a473-f77cac850170,M,1981,303,475,0.6378947368421053
dbbc58f3-b133-4e80-9c49-dbd57994446d,M,1970,437,406,1.0763546798029555
dbbdb2ac-5353-4079-8716-0ccb148f5e4d,M,1963,960,1110,0.8648648648648649
dbbf21f6-bc8c-4c95-8cfb-4e006b1f63e4,M,2000,195,354,0.5508474576271186
dbc66c4f-6f47-4359-b7ab-9f7817eaef22,M,2001,132,198,0.6666666666666666
dc40725d-49cf-43dc-80f7-011202d81d71,M,1974,960,1697,0.5657041838538598
dc9dac2d-92ba-4cf1-a43d-addb05abee13,M,1971,1803,1679,1.0738534842167955
dccd0558-66dc-4a31-a807-6870e0b24046,M,1994,308,455,0.676923076923077
dd1f97c8-e3a9-4f87-973c-38fa4593e713,M,2000,504,763,0.6605504587155964
dd2eee24-b271-4cbd-be01-66b804838e5f,F,1988,435,496,0.8770161290322581
dd8dad05-8abb-4133-9dc4-c627e663755c,M,1973,531,761,0.6977660972404731
de169be1-4711-4fbc-b1bd-4008a2dd9972,M,1995,167,227,0.73568281938326
de344d92-49da-475c-9e68-91fced7f293e,M,1976,1419,2001,0.7091454272863568
de389be5-ee36-4bde-b298-ff8e5425e997,M,1968,994,1704,0.5833333333333334
ded6b2e4-daf1-4982-81ed-6361243896c3,M,1986,924,1545,0.5980582524271845
dee9ccf2-0e57-4afd-a0e5-ad2424836faf,M,1988,187,236,0.7923728813559322
df07b2b7-fdfd-462b-886b-3525c51b10a1,M,1971,140,233,0.6008583690987125
df1d1954-353a-4835-ba3e-ece426032bd9,M,1979,662,758,0.8733509234828496
df5c1f03-dba4-44c6-bf34-0daaac7f64ed,M,2000,571,852,0.67018779342723
df6a9ee7-feae-4c89-a50f-1d5b9f1e4c87,M,1981,867,1095,0.7917808219178082
df6f2e29-5e82-431d-8549-27ca0f2fccff,F,1983,364,632,0.5759493670886076
dfa3be5b-953e-42ea-82c0-3bc9a9e383b7,F,1994,530,710,0.7464788732394366
dfc5d38f-4910-4a35-add1-1686a8aa609a,M,1997,1382,1494,0.925033467202142
dfe3d390-ae0e-4797-acb1-b08a8c8d3a39,M,1998,155,226,0.6858407079646017
e035c2fd-6075-4b08-b3ca-d8e94c8bf686,M,1985,402,754,0.53315649867374
e037dcbb-3d7a-4ce1-84c0-c4a9694fcd6d,M,1974,170,271,0.6273062730627307
e064da66-637b-4f61-bdf1-e3edb6ae50dc,M,1999,453,508,0.8917322834645669
e0c25302-d20d-4284-a3c1-9a71b0b5c8b0,M,1984,388,607,0.6392092257001647
e0c4513b-b561-43d6-8dad-64b308a2d4a6,M,1970,595,787,0.7560355781448539
e0fd1e4d-fd32-4392-bcf0-563e982c40b5,M,2000,520,549,0.9471766848816028
e1000519-daf4-437d-b3a3-2fe42d36f8b6,M,1986,501,585,0.8564102564102564
e104e895-9ecc-40b7-9e62-c1c8823ae0d8,M,2001,274,478,0.5732217573221757
e1781e89-a874-43cf-b1c4-d4915e9dcdeb,M,1986,599,871,0.687715269804822
e1abf46c-9c3b-45ba-8c57-2a298b163559,M,1972,184,352,0.5227272727272727
e1be0d4e-3cf2-4ea7-b22b-103a4aac1261,M,2000,702,1328,0.5286144578313253
e1c4129e-c079-477c-9bff-40e92e4eb8c1,M,1980,335,615,0.5447154471544715
e1f28290-185c-4c36-8749-dedc9eb0260d,M,1995,563,715,0.7874125874125875
e24ab388-4eb1-4bd4-9150-07fba7181181,M,1980,354,384,0.921875
e24cf393-6858-46bd-ae4f-c2bddd3bc711,M,1975,204,352,0.5795454545454546
e24fb480-935a-4bd0-b364-0b30bcdfdf85,M,1986,127,212,0.5990566037735849
e256046b-ed3f-4daa-9ebd-7021cf036c6b,M,1960,574,947,0.6061246040126715
e2954927-d04b-40b8-9a1e-d31562b2178c,M,1968,284,434,0.6543778801843319
e2b0988d-9c83-4793-a941-bd35590ff917,M,1960,191,238,0.8025210084033614
e2bc2a90-4a33-49da-a18a-2c5b3f3d55e6,M,1970,434,860,0.5046511627906977
e2be3cab-779d-42a3-a8f3-c3b0d553d09f,M,1975,121,205,0.5902439024390244
e2f3ac75-c17d-42f1-880f-99fe35bcbf6a,M,2002,192,321,0.5981308411214953
e39b06cf-e146-4c50-942a-271101d0161b,M,1956,229,376,0.6090425531914894
e3cab080-161c-4462-8d3c-51cf91e428a4,M,2098,646,1175,0.5497872340425531
e3f45704-e5fb-4863-8d1a-801ebd03978d,M,1965,191,378,0.5052910052910053
e4229e8c-2c7e-4bb8-8863-9bc20b76799a,M,1992,1218,1325,0.919245283018868
e471380d-dbad-49ea-a77a-93849ccc1a58,M,1986,116,198,0.5858585858585859
e4ecd4db-be55-42c6-8de7-feb73d9d0f2f,M,1980,128,239,0.5355648535564853
e4fdf389-6e1b-4ab1-8d42-9246fe425621,M,2067,578,1085,0.5327188940092166
e50242ee-18eb-4a77-a326-7ea9f1e8f5b7,M,1964,1183,1377,0.8591140159767611
e531364f-41f6-4701-a06c-4ed091ad93e1,M,2081,929,1223,0.759607522485691
e5733a4c-da83-41d4-8684-a9023e86a31b,M,1963,748,1410,0.5304964539007092
e58c276d-9e21-4dcf-8121-703ee2c6f729,F,1970,1162,1803,0.6444814198557959
e5a3ff14-b032-4d51-a1ae-37deffdf74d8,M,1965,273,511,0.5342465753424658
e603e62b-257e-488a-96d7-d3deb6ad052f,M,1980,329,381,0.863517060367454
e60a9ef6-033d-4389-9d76-90d6b89b907b,M,1977,365,529,0.6899810964083176
e640a953-b390-43aa-abb3-6c3142c05316,M,2000,464,683,0.6793557833089312
e656449e-823b-44b0-b53d-80f732facb52,M,1979,845,1256,0.6727707006369427
e66d8ba6-870d-4c5d-8682-a823ca401603,M,1979,186,365,0.5095890410958904
e6888ae2-581e-49e2-a358-29885b74625d,M,1974,212,374,0.5668449197860963
e6a78428-6d63-4b22-957d-ef6ea7481589,M,1982,1494,1561,0.957078795643818
e7079a4a-e6d5-4dfe-a0c9-48c7789cfd96,M,1979,527,1014,0.519723865877712
e7a3ed8a-cca4-4ba9-b244-328dacb435cd,F,1987,349,487,0.7166324435318275
e80bf8c0-1426-48af-865e-6285d312ea33,M,1983,340,479,0.7098121085594989
e823c086-d80f-4629-b37c-7b722e23c6f3,M,1971,1415,2695,0.5250463821892394
e8b44a09-ce93-4fcf-adce-b86b340d7f96,M,2000,183,221,0.8280542986425339
e8ca97ee-e038-4b8e-a2fb-5731881ec8f5,M,1989,253,384,0.6588541666666666
e8e299e6-f70e-40fb-bcd7-58525ed38a73,M,1989,501,758,0.6609498680738787
e8e34fc5-3619-4a88-81cb-c10e50fc182e,M,2082,415,711,0.5836849507735584
e98f31f4-140b-43bc-be6a-59ebb05426a8,M,1980,322,367,0.8773841961852861
e98f5a72-fb7c-4025-aa5e-89a04d8580b6,M,2001,241,239,1.00836820083682
e9a19d8b-5542-40bc-9ccb-99da93be4bd6,M,2065,776,965,0.8041450777202073
e9fb40d8-300d-44e0-b6ae-530c198dba57,M,1987,351,568,0.6179577464788732
ea01a980-b0c2-47c1-adff-428b3f492d58,M,1976,156,261,0.5977011494252874
ea43f832-544c-4407-8793-e1ac8cedb000,M,2000,384,396,0.9696969696969696
ea4d0ea7-bc0a-4681-8e86-e72890ee6ec2,M,1977,243,393,0.6183206106870229
ea5a579a-d2b2-44e8-8d4e-0d76de1fe1f1,M,1972,486,869,0.5592635212888377
eabb2724-b86a-47e9-a412-5f74e034e11f,M,1985,1429,2096,0.6817748091603053
eaf126e6-c2d0-4ab6-9238-9d1b2e7a0520,M,1977,253,412,0.6140776699029126
eaf6aa05-6ebd-40dd-ba5a-abb1912b40f9,M,1961,808,1318,0.6130500758725341
eb2c5315-3622-4871-8bbc-f21e6606d9dc,M,1997,166,300,0.5533333333333333
eb37b1fb-e24f-452b-ad9a-dde87b1928b2,M,1974,292,391,0.7468030690537084
eb4c6a66-4412-4cf5-a28a-a8b66ee96315,M,1989,147,246,0.5975609756097561
eb78184c-32d6-4b60-93a9-ffed00a8d898,M,1988,1144,1751,0.6533409480296973
ec02a9f2-a2f4-4f10-a28b-76eead5ce1a0,M,1990,217,334,0.6497005988023952
ec067a57-3303-4445-b9ce-032f6f7e3d6c,M,2093,433,439,0.9863325740318908
ecb951b8-5a34-4480-afca-d802835d9baa,M,1984,430,655,0.6564885496183206
ed8a4e8f-328f-40a6-9886-5120123826eb,F,1987,288,544,0.5294117647058824
edbeb1e7-c625-4aeb-bfe4-7a46aa04252a,M,1989,1055,1669,0.6321150389454764
edde34ff-9594-4c4a-91b4-4c54445894da,M,2000,319,408,0.7818627450980392
edfce33f-f766-4c4a-994d-b4448bc2fe5a,M,1971,457,840,0.544047619047619
ee1520d3-dc7e-4167-9a2e-54a9382ed604,M,1983,123,246,0.5
eebfd362-e9e5-4136-aa7b-ce114b452df5,M,1975,388,624,0.6217948717948718
ef3535ae-22ba-4e80-8016-c496e99e7ff9,M,2076,162,271,0.5977859778597786
efe3be2a-7f53-4d7a-ade1-526e9e332e18,M,1956,343,651,0.5268817204301075
eff7aec7-9743-4cc8-bacd-117485013422,M,1983,195,269,0.724907063197026
f02c6f65-4e66-4326-9b1f-3bfa9da066b2,M,1984,446,625,0.7136
f0606ce5-90e5-4f31-8326-30d4de189bf6,M,1950,890,1683,0.5288175876411171
f09249a3-0334-45e7-ab95-fdc9eb750cf3,M,2095,287,385,0.7454545454545455
f0a0412f-0a3d-4d71-b9ef-5d839a5e8aa9,M,1977,2274,2832,0.8029661016949152
f0ed5a02-6505-4a27-820f-05ec33a60fe0,M,1982,575,1144,0.5026223776223776
f18d87a3-e875-423c-b783-afee859ddfdb,M,1988,493,764,0.6452879581151832
f1c8df71-00e3-47da-a583-e680dd9ca402,M,1968,426,734,0.5803814713896458
f2095f04-ccc0-4914-ada5-e878384541e1,M,1965,556,935,0.5946524064171123
f2422569-497b-4666-be82-bfacfc6e5024,M,1991,232,293,0.7918088737201365
f24dce9a-c8c3-4c24-b19e-9587257d8058,M,1984,281,330,0.8515151515151516
f2619765-558e-462d-9d42-386fe46f512c,M,1966,911,1162,0.7839931153184165
f2b6f79c-221e-40ad-8594-1154627342ec,M,1981,508,907,0.5600882028665931
f2be652c-1ddc-4386-a7c5-6eee4a020d33,M,1967,318,464,0.6853448275862069
f302a094-a06f-4218-8735-5f1867fef0b3,M,1959,2088,2317,0.9011652999568408
f314e7e6-e4c4-4d3d-bb23-539d8073fcaf,M,1972,480,759,0.6324110671936759
f33781e2-ed4f-416a-acf9-ce7e45e89068,M,1990,856,1540,0.5558441558441558
f361cce6-c16d-44e2-859b-b2c50a2d1467,M,1965,331,634,0.5220820189274448
f3771ea1-af65-4b36-90ad-6ffb5ac1f309,F,2002,743,1298,0.5724191063174114
f381261a-34ef-489e-b8df-bd0e4db15819,M,1976,134,214,0.6261682242990654
f3add639-57f6-47bb-ad28-cb47e8f1fd3f,M,1975,202,353,0.5722379603399433
f3b05c46-87f8-49ce-9bf8-133a68643495,M,1970,380,505,0.7524752475247525
f3b574f2-1cb3-4058-9db3-e9afd7c76c71,M,1966,256,477,0.5366876310272537
f4054da0-4cfa-4133-a40c-7189834e07e2,F,1981,190,294,0.6462585034013606
f40fdc69-d596-400b-80f6-314ec8100e38,M,1978,365,483,0.7556935817805382
f4276a47-de53-467e-b50c-60059f7af02b,M,1991,317,416,0.7620192307692307
f46f4421-2f08-4812-9ef3-c9e03446bf1e,M,1981,687,846,0.8120567375886525
f49e399a-5fbc-4449-9cb2-433276c1a480,M,1984,145,277,0.5234657039711191
f4c77db8-8ea5-43fe-b6c2-c4f0eb4b5d90,M,1985,927,1164,0.7963917525773195
f4d64878-666c-484b-a271-fb36494ef432,M,2000,1674,1812,0.9238410596026492
f505b200-6daf-46ad-b49e-14ff8edd72d6,F,2066,281,431,0.6519721577726219
f5409f43-f255-47d8-81c5-d5846e8ace45,M,1973,338,657,0.5144596651445966
f57cfdb4-60d0-44d6-8ce0-aa8028486b8c,M,1970,604,1168,0.5171232876712328
f64ea63f-b74b-46a6-a677-8293ecf82daf,M,1973,248,266,0.9323308270676692
f65e243d-5d23-419f-8a6d-09ba5d55dbee,M,1948,711,1267,0.5611681136543015
f669c8b0-609b-4644-9f7f-0fce17b020a4,M,2097,397,409,0.9706601466992664
f6ad672d-4d36-47cf-88d3-8795fcdd34c7,M,1985,190,183,1.0382513661202186
f6b4d60f-4b09-4e0d-a1ef-c20a0498d9d4,M,1985,394,605,0.6512396694214876
f6bbc3cc-d4de-4fd4-895a-e2dc41b95a38,M,2090,574,896,0.640625
f73d6c77-0b3a-416d-a0b6-91e2544a42a0,M,1975,397,781,0.5083226632522407
f78e4e2c-8454-4f00-b565-4abf9a4999af,M,1978,635,1221,0.5200655200655201
f7b0272c-2d40-43b2-bebb-6dd8d5ca40f8,M,1971,1195,2073,0.5764592378195852
f7b0fa19-b5a6-4c16-8d59-c35a39ac344b,M,1975,549,593,0.9258010118043845
f7cf7973-ca61-451d-bffd-467652af2a30,M,1969,1326,1565,0.8472843450479233
f81b4144-4805-4086-a516-9e348a702e91,M,1963,276,507,0.5443786982248521
f833a933-2128-422f-8a5d-af9292e15312,M,1968,870,1184,0.7347972972972973
f8b79fc6-90dd-46a8-9785-fc23f34cfeb6,M,1982,361,602,0.5996677740863787
f8bacc72-6e8d-48de-a098-7845b182ad22,M,2055,926,1607,0.5762289981331674
f8d152df-f14b-4247-b3d6-bb537b9630d8,M,1983,366,607,0.6029654036243822
f8e40f36-1e98-4879-ad7f-c8d1b5143573,M,1972,345,546,0.6318681318681318
f8f34c9a-2649-497f-8e81-653e4c9712dd,M,1994,2249,2422,0.9285714285714286
f99eaa6a-c6eb-45d9-b3da-e5f5775d7897,M,1951,201,380,0.5289473684210526
f9bcbc5c-51ca-48de-b493-2905d56b9189,M,1980,434,559,0.776386404293381
f9f332dc-ac5f-4846-af66-793b6efa7745,M,1977,249,498,0.5
fa200051-3b4d-4509-b358-215094243f3e,M,2000,325,598,0.5434782608695652
fa32d150-003c-4e57-9e81-18c579129a5f,M,1983,502,838,0.5990453460620525
fa451263-f0a7-4bb2-82af-37e46972158c,M,1984,728,1338,0.5440956651718983
fa493e72-7ba4-4d2c-97a9-e053e32d28ed,M,2002,217,268,0.8097014925373134
fa494bef-b0f5-4f8a-9833-b76f5b835772,M,2090,304,399,0.7619047619047619
fa6fd293-edb2-4e6a-be4d-d424df8a5b54,M,1970,614,799,0.7684605757196495
fa725b75-8be1-4306-a3b5-ea7e198f0b0f,M,2070,323,433,0.745958429561201
faca941a-a3c5-485f-8436-22ab4c9e1537,M,1961,222,421,0.5273159144893111
fad0f29c-7e6d-4ca0-9f25-d56e7313d2ad,M,2001,747,1169,0.6390076988879384
fb23abb1-f275-433b-abaa-8c0d4ffcf90f,M,1978,525,838,0.6264916467780429
fb319b3a-1426-44c8-85a5-5d6addc9f4f3,M,1963,568,859,0.6612339930151339
fb5e8607-1759-4d58-913b-e4a1c078371b,M,1985,193,304,0.6348684210526315
fb84746d-8c55-447c-9333-fb2360edd86d,M,1962,154,246,0.6260162601626016
fb904f76-1b3b-447e-8c64-63327ac057a8,M,1965,247,483,0.5113871635610766
fbd10a31-d2d6-482c-97c2-d3e5f15d8545,M,1999,408,579,0.7046632124352331
fbe40ab1-4e73-4e01-bc95-4180ee99ed60,M,1984,440,654,0.672782874617737
fc02bef2-aff6-4d25-8fca-8c2331bd0a30,M,1991,494,704,0.7017045454545454
fc6700f2-65af-4116-8e70-3c9d7c9c56d8,M,1976,731,1348,0.5422848664688428
fd1a5707-9b3a-41e5-8b29-db754d4ccec8,M,1981,814,1395,0.5835125448028674
fd4bd83b-369f-4841-b71b-1899e0e3baad,M,2070,1605,2281,0.7036387549320473
fd564600-725b-44c2-816c-162b386893d7,M,1969,682,1200,0.5683333333333334
fd5ee94d-3707-46b8-834b-2b325e4b0020,M,2000,432,458,0.9432314410480348
fdbeef08-b946-4cf4-80aa-8073acbc174f,M,1977,190,239,0.7949790794979079
fe3e5159-7095-4837-b132-a195b54443e4,M,1981,136,191,0.7120418848167539
fe4bcccf-399f-4cd4-b385-e3b053e41c30,M,1960,257,483,0.5320910973084886
fe716beb-6a2a-4abd-9587-e6a2d886747b,M,1999,249,276,0.9021739130434784
fe89ed7b-fff3-4550-b520-88ba0bca2b23,M,1978,353,511,0.6908023483365949
fe95106a-cbf3-45b1-ab8e-8faf2d883ecf,M,1983,347,334,1.0389221556886228
ff31eb34-a825-4caf-812d-6dd7f05e3bc4,M,2000,1033,1701,0.6072898295120517
ff435521-b088-4c50-9914-73ff8366cbc3,M,1960,393,630,0.6238095238095238
ff44da2d-dd4a-45e6-9cee-a847d17e4999,M,1998,204,365,0.5589041095890411
ff64b289-b9d9-4927-8c7b-c4ba3a9945a1,M,1990,241,439,0.5489749430523918
ff6f5c3f-ba34-4cbf-baf1-2fa9660fa24f,M,1976,1079,1939,0.556472408457968
